Name,Details,Files,Action,"Fixed Version","Created by","Last edited by","Created time",Priority,"How many user experienced"
"Slug issue","During slug generation for course URLs, we observed inconsistent handling of non-Latin characters, particularly for Korean and Japanese titles. In tests: Korean-only examples (completely removed): 1. “캔바 강의” → Slug becomes: (empty) 2. “썸네일 디자인 2025” → Slug becomes: 2025. Japanese-only examples (partially preserved or removed): 1. “サムネイル講座” → Slug becomes: 講座 2. “デザイン講義2025” → Slug becomes: 講義2025. It appears that Korean Hangul is entirely stripped during slug generation, while Japanese Kanji characters are partially retained, but Katakana and Hiragana are often removed.",,Done,,U07ACRUL5N1,U018QTESVGC,"7/16/25, 1:19 PM",,0
"Authorize.net payment gateway is not auto-completing order","Authorize.net payment gateway is not auto-completing order on site even though the mail receipt says order approved.

https://streamable.com/58n5a6",,Done,,U07ACRUL5N1,U018QTESVGC,"4/28/26, 7:33 PM","Hight Priority",0
"Q&A API Formatting (Bold, Italic, Links, Line Breaks)","In Q&A API these HTML tags are not supported please introduce support for these tag as these are allowed from the frontend.",,Done,,U029V6VAVSP,U018QTESVGC,"3/30/26, 5:17 PM",Mid,0
"Tutor LMS video player for Youtube","The portrait videos are showing cropped when the video is played https://prnt.sc/s56_UULFWsdd, https://prnt.sc/7jgDSxurkPHh",,Rejected,,U07ACRUL5N1,U018QTESVGC,"4/2/26, 1:41 PM",Mid,0
"Request to correction in browser notification confirmation popup text","One of our customers reached out because they noticed a few typos in popup that appears when a user signs up for notifications. Currently, message says, “Thanks! Please make sure browser notification is enbled in notification settings” which has a typo in “enbled” and feels a little off grammatically. They have requested that we update these text in our next release.

_*Requested fix:*_ *“Thanks! Please make sure browser notifications are enabled in notification settings.”*

Screenshot: https://drive.google.com/file/d/1T1cMe5qQIo_MiKh3KE5NCE4FTHBIQ-HQ/view",,Done,,U07A949N6VC,U018QTESVGC,"4/5/26, 9:43 AM",Mid,0
"Incorrect Badge number of Tutor LMS orders submenu item","In Tutor LMS, the badge number shown in the *Orders submenu* counts all unpaid orders, even if those orders have been moved to the trash.

The badge count includes *unpaid orders* regardless of their status
Orders in *trash* are still counted if their payment status remains unpaid
• This results in an i*naccurate badge count*
The badge count should only include *active unpaid orders*
• Orders in *trash or cancelled status* should be excluded from the count
",,Done,,U07AFKF2R19,U018QTESVGC,"4/7/26, 1:37 AM","Hight Priority",0
"URGENT: Course Access & Redirection Issue (Wellthrive)","In *Tutor LMS themes*, courses marked as *“Public Course”* are *not accessible without login.* However, with a *standard/non-Tutor theme*, the same courses work correctly and are accessible without registration

Additional Issue:
• After purchasing a course and logging in, users are *redirected to the dashboard*
• Instead of being redirected back to the *intended course page*
Impact:
:exclamation: Breaks expected “public course” functionality
:exclamation: Blocks user access flow completely
:exclamation: Causes major *drop-offs and prevents site launch*

Expected Behavior:
• Public courses should be *accessible without login*
• After login/purchase, users should be *redirected back to the selected course*
Please prioritize this as it is *critical for live sites and user onboarding flow*.",,Rejected,,U07B4GNP7RN,U018QTESVGC,"4/8/26, 1:26 PM","Hight Priority",0
"Tutor Video Player forward or backward seek not working on IOS","https://vastuland.ru/wp-admin/
username : vastu-test
pass: xaol$c95Nk@%N@j7MSIBYxn$

https://vastuland.ru/courses/prakticheskii-master-klass-vastu-navigator-petra-yutki[…]e-uchastnikov-shagi-12-algoritma-vastu-navigator-dlya-kvartir/",,Feature,,U07ACRUL5N1,U018QTESVGC,"4/15/26, 4:08 PM",High,0
"Content Bank Elements Not Syncing with Courses After Update","*Issue Summary:*
Content Bank elements are not automatically updating inside courses after being modified in the Content Bank. This creates inconsistency between the source content and what is displayed to students.

*Steps to Reproduce:*
1. Create a content element (e.g., lesson/quiz content) in the Content Bank
2. Insert/use that Content Bank element inside a course
3. Publish and verify it appears correctly in the course
4. Go back to Content Bank and modify/update the same element
5. Revisit the course where the element was used
*Expected Behavior:*
Updates made in the Content Bank should automatically reflect in all courses where that element is used (dynamic sync behavior).

*Actual Behavior:*
• The course still shows the old version of the element
• No automatic update or sync occurs
• No option available to refresh/re-sync the element manually
",,Accepted,,U07B4GNP7RN,U018QTESVGC,"4/15/26, 11:31 PM","Hight Priority",0
"Content Drip “Require Passing Grade” Not Enforced","“Require passing grade” is not enforced when using the content drip type *“Course content unlocked after finishing prerequisites.”*

*Steps to Reproduce:*
Create a course with lessons and a quiz
1. Enable *Content Drip → “Course content unlocked after finishing prerequisites”*
*Expected Result:*
User should NOT be able to access the next content without passing the quiz.
*Actual Result:*
User can proceed to the next content even without achieving the passing grade.
*Notes:*
• Works correctly with *Sequential drip type*
• Issue seems specific to this drip type + default feedback mode combination
",,Rejected,,U07B4GNP7RN,U018QTESVGC,"4/18/26, 11:43 AM","Hight Priority",0
"Add to Cart Fails with Droip Templates (Guest Users) With Woocommerce","“Add to Cart” fails when using Droip-based templates for course/archive pages while using woocommerce. The issue occurs specifically for *guest users* and results in a *500 AJAX error*. Error originates from Droip themes inside Tutor LMS.

*Steps to Reproduce:*
• Use a Droip-based template
• Ensure WooCommerce is enabled with guest checkout
• Visit the course archive page as a *logged-out user*
• Click *“Add to Cart”* on any course
*Expected Result:*
Course should be added to cart successfully without errors.

*Actual Result:*
• AJAX request fails with *500 error*
• Console shows: `ERR_BAD_RESPONSE`
• Add to cart does not work
• Error triggered from:
`/tutor/includes/droip/backend/Ajax.php:79`
• PHP Fatal Error:
`Cannot use object of type stdClass as array`",,Rejected,,U07B4GNP7RN,U018QTESVGC,"4/18/26, 12:03 PM","Hight Priority",0
"Tutor LMS Assignment Addon Imrpovement","When a student selects assignment files one at a time (clicking ""Choose file"" multiple times rather than multi-selecting in a single dialog), only the last file chosen is actually uploaded. The preview UI incorrectly shows all files, leading students to believe all files will be submitted.

As a student, open an assignment submission page

• Click ""Choose file"" → select one file → Open Click ""Choose file"" again → select a different file → Open Preview shows both files. Submit the assignment. 
• Only the second file is uploaded. 
• Expected: All files shown in the preview should be uploaded, OR the preview should reflect that only the latest selection will be submitted.
It has been an issue since Tutor LMS 2.0.",,Feature,,U07ACRUL5N1,U018QTESVGC,"4/19/26, 3:53 PM",Mid,0
"Incorrect Countdown Timing for Google Meet Sessions (Using End Time Instead of Start Time)","The Google Meet meeting countdown is displaying incorrect timing. Currently, the countdown is calculated based on the meeting’s end time rather than the scheduled start time. As a result, users are seeing inaccurate countdown information before the session begins.",,Done,,U07AFKF2R19,U018QTESVGC,"4/21/26, 11:47 AM","Hight Priority",0
"Assignment submission emails do not follow the updated course author after reassignment","If the original course author assigns the course to another instructor as the new main author, the “Student Submitted Assignment” email does not work as expected.

When a student submits an assignment, the email does not sent to the updated course author. Instead, the system does not properly recognize the new author after the change, so the email is not triggered correctly and does not go to the updated instructor.

Ideally, the assignment submission email should always follow the current main course author, but this is not reflecting properly after the author is changed.",,Accepted,,U07AFKF2R19,U018QTESVGC,"4/28/26, 5:12 PM",High,0
"Ordering Question Answers Are Not Shuffled on Frontend","The Ordering question type in Tutor LMS currently displays answer items on the frontend in the exact same order they are entered in the backend.
As a result, learners can see the correct sequence immediately without needing to rearrange the items, which defeats the purpose of the ordering assessment.
Steps to Reproduce:
1. Create a quiz with an Ordering question.
2. Enter answers in the correct order from backend.
3. Open the quiz on frontend as a student.
Current Behaviour:
Answers are displayed in the same order as entered in backend.
Expected Behaviour:
Answers should be shuffled/randomised on frontend while maintaining the correct order internally for validation and grading.",,Done,,U07B4GNP7RN,U018QTESVGC,"5/11/26, 10:21 PM","Hight Priority",0
"WPML translation issue one user live site he want's it to be fixed","On user website he can not translate course builder text with WPML , we have to fix his site translation issue.

Ticket link: https://tutorlms.com/account/tickets/?nocache=1774843964#/30258?back_to=P2Fzc2lnbm1lbnRfdHlwZT1taW5l",,Done,,U029V6VAVSP,U018QTESVGC,"3/30/26, 4:04 PM","Hight Priority",0
"( Rest API ) Any instructor can access the other Instructor courses and can edit other course content too which is vulnerable.","*Affected Endpoint:*
POST `/wp-json/wp/v2/courses/{course_id}` 

I*ssue Summary:*
An authenticated instructor is able to update course details of other instructors by directly referencing the course ID. The API validates authentication (session + nonce) but does not enforce object-level authorization to verify whether the requesting user is the owner or has permission to modify the specific course.

This results in a Broken Object Level Authorization (BOLA / IDOR) vulnerability.
Steps to Reproduce: Log in as an Instructor in Tutor LMS Capture wpApiSettings nonce from page source Intercept the request using Burp Suite

*Send the following request:* POST /wp-json/wp/v2/courses/2091 HTTP/1.1 Host: dev.kankerpayudara.id Content-Type: application/json X-WP-Nonce: Cookie:
{“title”:“IDOR-POC-Modified-By-Instructor”}
Observed Behavior: The server returns a success response and the course title is updated, even though the course belongs to another instructor.
*Expected Behavior:* The server should return a 403 Forbidden response if the authenticated user is not the owner (or does not have explicit permission) to modify the specified course.",,Done,,U029V6VAVSP,U018QTESVGC,"6/2/26, 12:04 PM",Mid,0
"Enrollment Cancellation Action Fails in Firefox but Works in Chrome","The enrollment cancellation functionality from Tutor LMS → Enrollments does not work in Firefox. When an administrator selects an enrollment and applies the ""Cancel"" bulk action, the enrollment status does not change and the enrollment is not moved to the Cancelled list.
The exact same action works correctly in Google Chrome.",,Done,,U07B4GNP7RN,U018QTESVGC,"6/15/26, 11:38 AM","Hight Priority",0
"Manual Payment Gateway Description Disappears When Underline Formatting Is Applied","The Manual Payment gateway can be created and saved successfully when using plain text formatting. However, when specific text formatting (particularly underline formatting) is applied to the description, the payment method disappears after saving and refreshing the page.

https://www.loom.com/share/25bc9fc43bba44e9900bf0e54539055c",,Done,,U07B4GNP7RN,U018QTESVGC,"6/15/26, 4:21 PM",High,0
"Unauthorized course access after checkout","When a student adds multiple courses to cart, proceeds to checkout, then returns to cart page and removes some courses and then completes payment, our system incorrectly grants access to all originally added courses. This occurs when using WooCommerce with block based cart and checkout pages. As a result, students gain access to additional courses they had previously removed, leading to unauthorized course access and potential revenue loss.

Video link: https://youtu.be/K3zBEXd6ScY",,Done,,U07A949N6VC,U018QTESVGC,"6/19/26, 4:47 PM","Hight Priority",0
"Tutor LMS + WooCommerce: intermittent missing (and occasional duplicate) tutor_earnings rows for paid course orders","Product: Tutor LMS 3.9.9 + Tutor LMS Pro 3.9.9, WooCommerce monetization (monetize_by = wc), HPOS enabled, WooCommerce block/Store-API checkout, Stripe gateway with order auto-complete.
Summary: Tutor inserts duplicate commission rows into {prefix}tutor_earnings for a single order line. The de-duplication guard in Tutor\Classes\WooCommerce::add_earning_data() is a non-atomic SELECT-then-INSERT with no database-level uniqueness, so it loses the race during slow checkouts and writes two identical earnings rows for the same (order_id, course_id, user_id).
Where: tutor/classes/WooCommerce.php, method add_earning_data() (hooked on woocommerce_new_order_item):
$exist_count = (int) $wpdb->get_var( $wpdb->prepare(
""SELECT COUNT(earning_id) FROM {$wpdb->prefix}tutor_earnings
WHERE course_id=%d AND order_id=%d AND user_id=%d"",
$course_id, $order_id, $user_id
) );
if ( $exist_count > 0 ) { return; }
// ...
$wpdb->insert( $wpdb->prefix . 'tutor_earnings', $earning_data );
woocommerce_new_order_item can fire more than once for the same line item during a single checkout (Store API re-creates line items when the order/totals are recalculated — e.g. on coupon application, calculate_totals(), or order-from-request updates). Because the existence check and the insert are not atomic and there is no UNIQUE constraint, when two of these fire within one slow checkout request chain (here: Stripe payment-intent → auto-complete → Xero invoice, all synchronous) the second SELECT reads before the first insert's order transaction has committed, returns 0, and a second row is inserted.
Concrete reproduction (production):
Order #17160, course 14298, instructor user 449.
Two identical rows: both order_status = completed, instructor_amount = 32.50, process_by = woocommerce, created 51 seconds apart (19:21:22 and 19:22:13), during a checkout whose Stripe/auto-complete/Xero notes span that exact window.
Net effect: the instructor's native Tutor earnings balance is over-credited by £32.50 (£213.19 vs the correct £180.69). No coupon was on this order — coupon recalculation is one trigger for the duplicate line-item event, but not the only one.
Impact: Instructor earnings and withdrawal totals computed by Tutor (SUM(instructor_amount) over tutor_earnings) are inflated. Frequency is low (race-dependent) but the financial effect is real and silent.
Requested fix: Make the guard atomic. Either (a) add a UNIQUE KEY (order_id, course_id, user_id) to the tutor_earnings schema and use INSERT ... ON DUPLICATE KEY / INSERT IGNORE, or (b) wrap the existence-check + insert in a row/named lock (GET_LOCK) keyed to order_id+course_id+user_id. A DB-level unique constraint is the robust option and is backward-compatible (one earning per order line per instructor; subscription renewals already use distinct order_ids).",,Request,,U07ACRUL5N1,U07ACRUL5N1,"6/24/26, 7:10 PM",High,0
"Facebook Social Media login does not work.","While trying to login with Facebook user get email is invalid error and can’t log in.

The root cause is in *addons/social-login/includes/Authentication/Authentication.php line 68*.
The *`verify_facebook_token()`* function calls the Graph API without requesting the email field:
`$response = file_get_contents( ""https://graph.facebook.com/me?access_token=$token"" );`

It should be:

`$response = file_get_contents( ""https://graph.facebook.com/me?fields=id,name,email&access_token=$token"" );`

Without fields=email, the verification object has no email to compare against, causing all Facebook logins to fail with “Invalid email”.",,Done,,U029V6VAVSP,U018QTESVGC,"6/25/26, 2:01 PM","Hight Priority",0
"License activation failed","There's currently an issue with license activation.

The license verification completes successfully, but it doesn't connect afterward. Before the connection process can finish, it gets redirected to a blank screen of Tutor LMS website.",F0BG23JC80H,Done,,U07AFKF2R19,U018QTESVGC,"7/8/26, 9:27 PM","Hight Priority",0
"Elementor Addon compatibility 4.0","The first issue is that the login window is fixed on the homepage, preventing visitors from interacting with the rest of the site. Users can only click on the Login or Register options, while all other page elements become inaccessible.
The second issue is with the Elementor Addons Course List widget. The *Number of Course Rows* setting is no longer respected, and the widget always displays a single row regardless of the configured value.
*Before update:* https://prnt.sc/lU5ErcIAmJXr
*After update:* https://prnt.sc/uXKzdrIVupFg
*Site backup:* https://drive.google.com/file/d/148gPVPuemy3Svj9Jf8x-iiZGmM-CIbNI/view?usp=drive_link",,Accepted,,U07ACRUL5N1,U018QTESVGC,"7/13/26, 3:32 PM",High,0
"Duplicate user created on Stripe, for Subcription base course manual payment.","In Subscription base courses when any user tried to renew subscription for course manually from their dashboard. Duplicate user creates on Stripe with the same user which should be identical for subscription renew.",,Rejected,,U029V6VAVSP,U018QTESVGC,"7/14/26, 4:15 PM","Hight Priority",0
,,,Done,,U018QTESVGC,U018QTESVGC,"7/15/26, 12:55 PM",,0
,,,Done,,U018QTESVGC,U018QTESVGC,"7/15/26, 12:57 PM",,0
"Bulk Email is not working in Tutor LMS 4.0.0.","In *Tutor LMS → Settings → Emails → Compose Manual Email*, bulk emails are not being sent to any recipient group (All Students, All Instructors, All Admins, or course-enrolled students). No emails are actually generated or dispatched. This functionality works correctly in *Tutor LMS 3.9.13* but is not working in *Tutor LMS 4.0.0*.",,Accepted,,U07AFKF2R19,U018QTESVGC,"7/15/26, 1:42 PM",High,0
"Ordering Quiz Questions Reveal Correct Answer Through Predefined Numbering","In Ordering-type quiz questions, the answer items are displayed with numbering that corresponds to the correct answer sequence. As a result, students can infer the correct order before attempting the question, which compromises the integrity of the assessment.",F0BHKS1TT6G,Done,,U07B4GNP7RN,U018QTESVGC,"7/15/26, 3:38 PM","Hight Priority",0
"Course access remains active after cancelling the course bundle enrolment.","If any user manually enrolled any student to any course bundle, and cancelled that course bundle manually from the admin panel, the bundle remove from the student dashboard but the courses those are linked with that bundle those courses access remain active.

Video explanation: https://drive.google.com/file/d/1kwzzO0PMwJl_QYQ6l4d-3xzELLJJamUQ/view

ticket link: https://tutorlms.com/account/tickets/?nocache=1774843964#/30837?back_to=P2Fzc2lnbm1lbnRfdHlwZT1taW5l",,Done,,U029V6VAVSP,U018QTESVGC,"3/30/26, 4:11 PM","Hight Priority",0
"Gift course not functioning correctly if the Payment system is WooCommerce.","Please check the video to get complete scenerio.

https://drive.google.com/file/d/10zlkNr6Bh7vHPc2h5Dz7BN-YRaiXvkcc/view?usp=sharing

Ticket Link: https://tutorlms.com/account/tickets/?nocache=1774843964#/31088?back_to=P2Fzc2lnbm1lbnRfdHlwZT1taW5l",,Done,,U029V6VAVSP,U018QTESVGC,"3/30/26, 3:07 PM",High,0
"(Fatarl Error) for Tutor 4.0.1 who are using WooCommerce Subcription","After updating to latest Tutor, we found several user who are using WooCommerce and WooCommerce Subscription faccing this fatal error issue when:

*WooCommerce Subscriptions is creating renewal orders, or trying to renew the order.*

error;

`0 /wordpress/core/7.0.1/wp-includes/class-wp-hook.php(341): WCS_Cart_Renewal->set_renewal_order_cart_hash_on_block_checkout(false, Object(Automattic\WooCommerce\Admin\Overrides\Order), 'checkout-draft') 1 /wordpress/core/7.0.1/wp-includes/plugin.php(205): WP_Hook->apply_filters(false, Array) 2 /wordpress/plugins/woocommerce/10.9.4/includes/abstracts/abstract-wc-order.php(2504): apply_filters('woocommerce_ord...', false, Object(Automattic\WooCommerce\Admin\Overrides\Order), 'checkout-draft') 3 /srv/htdocs/wp-content/plugins/tutor/classes/WooCommerce.php(821): WC_Abstract_Order->has_status('checkout-draft') 4 /wordpress/core/7.0.1/wp-includes/class-wp-hook.php(341): TUTOR\WooCommerce->course_placing_order_from_customer(14541, Object(WC_Order_Item_Product), 38757) 5 /wordpress/core/7.0.1/wp-includes/class-wp-hook.php(365): WP_Hook->apply_filters(14541, Array) 6 /wordpress/core/7.0.1/wp-includes/plugin.php(522): WP_Hook->do_action(Array) 7 /wordpress/plugins/woocommerce/10.9.4/includes/wc-order-item-functions.php(39): do_action('woocommerce_new...', 14541, Object(WC_Order_Item_Product), 38757) 8 /srv/htdocs/wp-content/plugins/woocommerce-subscriptions/includes/core/wcs-order-functions.php(253): wc_add_order_item(38757, Array) 9 /srv/htdocs/wp-content/plugins/woocommerce-subscriptions/includes/core/wcs-renewal-functions.php(29): wcs_create_order_from_subscription(Object(WC_Subscription), 'renewal_order') 10 /srv/htdocs/wp-content/plugins/woocommerce-subscriptions/includes/core/class-wc-subscriptions-manager.php(145): wcs_create_renewal_order(Object(WC_Subscription)) 11 /srv/htdocs/wp-content/plugins/woocommerce-subscriptions/includes/core/class-wc-subscriptions-manager.php(119): WC_Subscriptions_Manager::process_renewal(32770, 'active', 'Subscription re...') 12 /wordpress/core/7.0.1/wp-includes/class-wp-hook.php(341): WC_Subscriptions_Manager::prepare_renewal(32770) 13 /wordpress/core/7.0.1/wp-includes/class-wp-hook.php(365): WP_Hook->apply_filters(NULL, Array) 14 /wordpress/core/7.0.1/wp-includes/plugin.php(570): WP_Hook->do_action(Array) 15 /wordpress/plugins/woocommerce/10.9.4/packages/action-scheduler/classes/actions/ActionScheduler_Action.php(86): do_action_ref_array('woocommerce_sch...', Array) 16 /wordpress/plugins/woocommerce/10.9.4/packages/action-scheduler/classes/abstracts/ActionScheduler_Abstract_QueueRunner.php(103): ActionScheduler_Action->execute() 17 /wordpress/plugins/woocommerce/10.9.4/packages/action-scheduler/classes/ActionScheduler_QueueRunner.php(188): ActionScheduler_Abstract_QueueRunner->process_action(3710877, 'WP Cron') 18 /wordpress/plugins/woocommerce/10.9.4/packages/action-scheduler/classes/ActionScheduler_QueueRunner.php(158): ActionScheduler_QueueRunner->do_batch(25, 'WP Cron') 19 /wordpress/core/7.0.1/wp-includes/class-wp-hook.php(341): ActionScheduler_QueueRunner->run('WP Cron') 20 /wordpress/core/7.0.1/wp-includes/class-wp-hook.php(365): WP_Hook->apply_filters('', Array) 21 /wordpress/core/7.0.1/wp-includes/plugin.php(570): WP_Hook->do_action(Array) 22 /wordpress/core/7.0.1/wp-cron.php(191): do_action_ref_array('action_schedule...', Array) 23 {main}`",,Accepted,,U029V6VAVSP,U018QTESVGC,"7/16/26, 12:54 PM","Hight Priority",6
"Woocommerce Subscription Again","https://ollyo.slack.com/lists/T0TK9810W/F0951PBFR46?record_id=Rec09AP05C8RH

This issue is occurring again to many users and they want a permanent solution.",,Done,,U07B4GNP7RN,U018QTESVGC,"2/23/26, 2:53 PM","Hight Priority",0
"calendar issue","In Tutor v3.9.4, if you create a new lesson and set an unlock date using content drip, it shows correctly on the calendar. However, if you set an unlock date for a pre-existing lesson, it does not appear on the dashboard calendar.",,Done,,U07AFNXBB98,U018QTESVGC,"1/7/26, 12:39 PM",,0
"SEPA Payment problem in Stripe payment.","After payment via direct SEPA the Tutor provide’s message of payment success but in Stripe end they are keeping it as pending and after some hours it’s credit back the amount to the user account.

https://ibb.co.com/cSTzGLNx
https://ibb.co.com/R8v8nks
https://ibb.co.com/TxPtgKNv",,Done,,U029V6VAVSP,U018QTESVGC,"1/9/26, 12:22 PM","Hight Priority",0
"Some text of checkout form is not included in pot file please add them.","In the Tutor native checkout page some text missing translation can you please check and add them.",F0AA0JZ13DG,Accepted,,U029V6VAVSP,U018QTESVGC,"1/21/26, 3:32 PM",High,0
"Custom Extend Timestamp mismatch","Only the last few days of December 2026 can be selected, dates after that goes to next year December instead of the current year.https://drive.google.com/file/d/1B46HP5mr0c6AhFBt0KtpTQTBEz1Qmqfg/view?usp=sharing",,Accepted,,U07ACRUL5N1,U018QTESVGC,"1/23/26, 12:02 PM",Mid,4
"Future Coupons Showing Wrong Status in coupon list","If a coupon is scheduled to start in the future, it wrongly shows as 'Expired' instead of 'Not Active Yet'.

https://snipboard.io/tynudo.jpg

https://snipboard.io/1BLE43.jpg",,Rejected,,U07AFKF2R19,U018QTESVGC,"1/27/26, 2:04 AM",High,0
"Old Failed Stripe Payments Canceling Enrollments","When a student makes multiple payment attempts for the same course in Stripe:
1. *First attempt fails or is incomplete* → Stripe creates a PaymentIntent.
2. *Second attempt succeeds* → Tutor LMS enrolls the student correctly.
3. *Hours later, Stripe auto-cancels the first failed PaymentIntent* → sends `payment_intent.canceled` webhook.
4. *Tutor LMS handles this webhook* → marks the order as cancelled and *overwrites the existing enrollment* for the course/student.
5. *Result:* Student’s enrollment is cancelled even though a successful payment exists.
",,Done,,U07AFKF2R19,U018QTESVGC,"2/2/26, 10:06 PM","Hight Priority",0
"Stripe Subscription Renewals Not Processing Automatically","Subscription renewals are currently not being processed through Stripe. Recurring payments are not triggering automatically, which is preventing subscriptions from renewing as expected.",F0AEPSYCDB6,Done,,U07AFKF2R19,U018QTESVGC,"2/12/26, 4:26 PM","Hight Priority",0
"Unable to search students names in the backend assignment section","Details: https://prnt.sc/vOz3ZpcqgHPY, https://prnt.sc/r7VzmBgf1pEq",,Done,,U07ACRUL5N1,U018QTESVGC,"2/13/26, 3:48 PM",High,0
"REST API - Enrollment - Emails are not sent to users","Whenever any user create new enrollment using rest api the email is not send to the user.",,Rejected,,U029V6VAVSP,U018QTESVGC,"2/16/26, 1:02 PM",High,0
"The “Hide Course Products on Shop Page” setting should be hidden when monetization is set to Native, since it’s not applicable in this mode.","> The “Hide Course Products on Shop Page” setting should be hidden when monetization is set to Native, since it’s not applicable in this mode.
","F0AF4FZMUCD,F0AESFDL0KZ",Accepted,,U02DTFPBMU6,U018QTESVGC,"2/16/26, 3:55 PM",Mid,0
"Course Duplication Bug — Prerequisite Lessons Linked to Original Course","When a course with content drip based on lesson prerequisites is duplicated, the cloned course retains prerequisite links to lessons from the original course. Students cannot complete those prerequisites because they belong to a different course, and these references don’t appear in the prerequisite editor. Currently, the only workaround is manually editing the database to remove old entries and recreate prerequisites. This issue was previously reported and acknowledged but remains unresolved.",,Accepted,,U02E6EEM2KW,U018QTESVGC,"2/18/26, 4:08 PM","Hight Priority",0
"Elementor Addons Translation","Tutor LMS Elementor Addons widget texts are not inheriting translations from Loco Translate.

Client translated the strings via Loco Translate (Tutor LMS / Pro), but texts shown through Elementor Addons widgets remain in the original language on the frontend — even after sync and cache clear.

*Screenshots:*
https://snipboard.io/HfsU8k.jpg

https://snipboard.io/36iyWt.jpg

https://snipboard.io/GJd6zE.jpg",,Accepted,,U07B4GNP7RN,U018QTESVGC,"2/19/26, 3:59 PM",High,0
"Tutor LMS Reports data inconsistency","The enrollment date in Tutor LMS report is different on different sections:

https://prnt.sc/ir8jpiCAFXuo, https://prnt.sc/k77OfaqcTFv5, https://prnt.sc/g2h_Db_Ud2sz",,Accepted,,U07ACRUL5N1,U018QTESVGC,"2/20/26, 11:20 AM",Low,0
"Tutor native subcription issue for auto course enrollment","Student purchased a subcription course and made successfull payment but the subcription and order status still pending this should auto compelte and auto enrolled.","F0AGR8ZFEFL,F0AGP72P1K8,F0AGJSTGX8T",Done,,U029V6VAVSP,U018QTESVGC,"2/24/26, 12:30 PM","Hight Priority",4
"Several Issues on Author Visibility, Order Data, Translation, etc.","A Tutor LMS user, Sergio Kolomiychuk, is preparing tutorials of Tutor LMS and reported some issues.
I’ve listed all those reported issues and suggestions in a document. Here's the doc link: https://docs.google.com/document/d/1CZQX2LhO8CRZ0RrVYU1DMRBM_fHLcbj_o-FgyC5utCQ/edit?usp=sharing",,Request,,U0402FWM7P0,U0402FWM7P0,"3/27/26, 12:54 PM",Mid,0
"New order place email triggered before payment complete.","I have found that, Email for new order trigger and sent to user inbox before the payment complete. But this should be hit after the successfull payment.",,Rejected,,U029V6VAVSP,U018QTESVGC,"2/24/26, 2:05 PM","Hight Priority",0
"Tutor Divi course carousel having issue.","When we try to edit the course carousel in frontend mode nothing appears on the page. But preview page become normal.
https://prnt.sc/PGYNrQpEJonn

video:
https://www.dropbox.com/scl/fi/ywjgjc7q9yhj3a5zoh6ii/Divi-tutor-lms-1.mp4?rlkey=10tt4iz9ovfo0qf2p5cvrfhdy&e=1&dl=0

Tiket link: https://tutorlms.com/account/tickets/?nocache=1774843964#/30440?back_to=P2Fzc2lnbm1lbnRfdHlwZT1taW5l",,Accepted,,U029V6VAVSP,U018QTESVGC,"2/27/26, 1:50 PM",High,0
"We have received subcription course auto enrollment issue with Paypal also.","Some of the user reporting us that they are having subscription course auto enrollment issue with Paypal payment also please recheck the Paypal Payment also.",,Done,,U029V6VAVSP,U018QTESVGC,"2/27/26, 2:36 PM",Low,0
"Tutor LMS Bunnynet Integration","Need to update Tutor LMS Bunnynet Integration to provide compatibility with the latest WordPress as well as fix reported security vulnerabilities https://prnt.sc/T5FpAuSpTmc5, https://patchstack.com/database/wordpress/plugin/tutor-lms-bunnynet-integration/vuln[…]tegration-plugin-1-0-0-cross-site-scripting-xss-vulnerability",,Accepted,,U07ACRUL5N1,U018QTESVGC,"3/2/26, 12:09 PM",Mid,0
"Video Cropped at Top in Tutor LMS Player During Full-Screen Landscape Mode on Android","The video in the Tutor LMS player gets cropped from the top when viewed in full-screen landscape mode on Android devices.

screenshot: https://snipboard.io/OSFykw.jpg",,Accepted,,U07AFKF2R19,U018QTESVGC,"3/5/26, 7:35 PM",Mid,0
"Tutor LMS Pro is not showing update notice","Some users report that they are not getting Tutor LMS Pro plugin update notification even though the license is active and properly connected.
Only the free version receives update notifications.",F0AKRFWG8Q5,Done,,U0402FWM7P0,U018QTESVGC,"3/11/26, 11:57 AM",High,0
"Unable to save Embedded videos via the Tutor LMS course builder's description field","Unable to save embedded videos via the Tutor LMS course builder editor while the video code works fine in legacy mode.

When in legacy mode: https://prnt.sc/_E_l-LNARG-K, https://prnt.sc/HY6rtCjTejaF,
when in course builder: https://prnt.sc/nI1vkgAti8C1, https://prnt.sc/vbFPU3yZdTMJ",,Accepted,,U07ACRUL5N1,U018QTESVGC,"3/12/26, 11:55 AM",High,0
"Enrollment API only fetch 10 Student data by default.","3. Get Enrolled Users
```URL: https://yourdomain.com/wp-json/tutor/v1//enrollments?course_id={course_id}```
By default this API only fetch 10 student list, because it is statically set to 10 `/wp-content/plugins/tutor-pro/rest-api/Controllers/EnrollmentController.php` line 156
`$enrollments = tutor_utils()->get_enrolments( 'approved', 0, 10, '', $course_id );`

Please make set it flexible pagination option.",,Request,,U029V6VAVSP,U029V6VAVSP,"3/12/26, 2:44 PM",High,0
"Remove contact field from Razorpay payment page.","Some of our user want’s to remove this section because it not mendatory for them, please configure the API and remove the contact field from the payment page.",F0ALQKE8RU6,Accepted,,U029V6VAVSP,U018QTESVGC,"3/16/26, 12:51 PM",Mid,0
"Lessons uploaded resources file remove if we edit the lesson page with elementor.","When user try to edit the lesson page with elementor and update the page, and if there is lesson attachment file available that deleted from the lesson. Need to fix.

Ticket link: https://tutorlms.com/account/tickets/?nocache=1775448972#/31085?back_to=P2Fzc2lnbm1lbnRfdHlwZT1taW5l",,Accepted,,U029V6VAVSP,U018QTESVGC,"3/16/26, 1:45 PM",Mid,0
"Course auto enrollment after guest checkout.","Presently, if any user purchase a course in guest checkout the course enrollment did not work.

Almost every user needs this feature, whenever that user registered to the system after course purchase they should be auto enrolled to that course.",,Feature,,U029V6VAVSP,U018QTESVGC,"3/17/26, 11:14 AM",Mid,0
"Expired Courses Still Visible on Student Dashboard","When a course enrollment expires (e.g., after a defined 30-day access period), the enrollment status is correctly marked as *“Expired”* in the admin panel. However, the course still remains visible in the student dashboard.

Environment:
• Tutor LMS Pro version: 3.9.7 (updated)
• Issue persists even after clearing cache
Ticket ID: https://tutorlms.com/account/tickets/#/30851?back_to=P2Fzc2lnbm1lbnRfdHlwZT1hc3NpZ25lZA==","F0AM7A0PCMA,F0AM7A43XSQ",Done,,U07B4GNP7RN,U018QTESVGC,"3/17/26, 7:15 PM","Hight Priority",0
"“New Lesson Added” Email Notification Not Triggering","The email notification for “New Lesson Added” is not being triggered for students, even though other email notifications are working correctly.",,Accepted,,U07B4GNP7RN,U018QTESVGC,"3/18/26, 10:26 PM","Hight Priority",0
"Tutor LMS Native Invoice issue with Elementor","Due to the recent change in the URL structure of the Tutor LMS invoice, it is showing the homepage of the site built with Elementor.

https://katec85.sg-host.com/?tutor-invoice=142",,Done,,U07ACRUL5N1,U018QTESVGC,"7/15/26, 4:51 PM",High,0
"Co-Instructor Cannot View Course Assignments in Dashboard → Assignments","A user assigned as a *Co-Instructor (Co-Author)* to a course cannot see the assignments submitted under that course from the *Dashboard → Assignments* page. However, if the same user role is changed to *Author*, the assignments become visible immediately.",F0BHDHHHAPR,Accepted,,U07AFKF2R19,U018QTESVGC,"7/16/26, 10:34 PM","Hight Priority",0
"Instructor Feedback Not Saving in Quiz Attempts (Tutor LMS 3.9.4)","In Tutor LMS version 3.9.4, *instructor feedback submitted under any quiz attempt is not being saved*.",F0A7RPK4GN4,Done,,U07AFKF2R19,U018QTESVGC,"1/6/26, 2:19 AM","Hight Priority",0
"Content Drip addon","We've received a report of a possible regression in Tutor LMS 4.0 related to Drip Content.
*Issue:*
Previously, when a student clicked on a locked lesson in the course curriculum, they were redirected to the lesson page, where the scheduled unlock date and time were displayed.
In *Tutor LMS 4.0*, this behavior no longer works with both the *Legacy* and *Modern* course player templates. Clicking a locked lesson in the curriculum sidebar does nothing—the student remains on the current page and cannot view the lesson's scheduled availability.
*Steps to Reproduce:*
1. Create a course with *Drip Content* enabled.
2. Log in as a student.
3. Open the course player.
4. Click on a locked lesson in the curriculum sidebar.
*Expected Behavior:*
The student should be redirected to the locked lesson page so they can see the scheduled release date and time.
*Actual Behavior:*
Clicking the locked lesson has no effect. The page does not change, and the student cannot view when the lesson will become available.",,Done,,U07ACRUL5N1,U018QTESVGC,"7/10/26, 4:48 PM","Hight Priority",0
"Tutor Login redirect to dashboard instead redirect to the course page or the same page from where they logged in","It's a common issue from our earlier Tutor version we should fix this issue, Every time the student login via Tutor login modal they are redirected to the dashboard. But this should redirected to the same page from where they have submitted the login.",,Request,,U029V6VAVSP,U018QTESVGC,"8/17/26, 1:57 PM",High,0
"Incorrect view of Category / tag in students dashboard","If any course have multiple category and tags then those are all loading in student dashboard check the screenshot.",F0BQ81JNB2T,Accepted,,U029V6VAVSP,U06C1MJDCFL,"8/17/26, 5:18 PM",High,0
"Missing Translation String in Tutor LMS Quiz","The following frontend message does not appear in the available Tutor LMS translation strings:
> “Please answer all required questions before submitting”
Because the string is not available in the translation catalog, users cannot translate it through Loco Translate.",,Accepted,,U07B4GNP7RN,U06C1MJDCFL,"8/18/26, 2:02 PM","Hight Priority",0
"Lesson Time Duration Not Saving/Updating","The lesson *Time Duration* value cannot be updated properly. When the admin changes the lesson duration and saves the lesson, the new value is not persisted.

Steps to Reproduce
1. Open a course in the Tutor LMS Course Builder.
2. Edit any lesson.
3. Change the *Time Duration* value.
4. Save/update the lesson.
5. Return to the lesson and check the duration again.
6. The duration reverts to the previous/old value.
7. The course frontend also continues displaying the old duration.
","F0BR2BEQKNH,F0BR9PX203E",Accepted,,U07B4GNP7RN,U06C1MJDCFL,"8/19/26, 11:42 AM","Hight Priority",0
"Previously Enrolled Students Lose Access to Courses Included in a Private Course Bundle","When a course bundle is changed from *Published/Public* to *Private*, students who were already enrolled in the bundle can no longer access the individual courses included in that bundle.

Previously enrolled students should retain access to the courses they were already enrolled to the bundle, even after the bundle is made private to prevent new enrollments.

Steps to Reproduce
1. Create a course bundle containing multiple courses.
2. Publish the course bundle.
3. Enroll a student in the bundle.
4. Verify that the student can access the individual courses included in the bundle.
5. Change the course bundle status from *Published* to *Private*.
6. Log in as the previously enrolled student.
7. Open the student dashboard and access the courses included in the bundle.
",,Request,,U07AFKF2R19,U07AFKF2R19,"8/19/26, 1:00 PM","Hight Priority",0
"Wrong display for total marks in Quiz","The quiz contains 20 questions, with 10 marks per question. The maximum number of questions allowed is set to 10 random questions, so the maximum score should be 100. https://prnt.sc/APwoOz_vLQu_ However, this displays as 200 instead of 100. The students are misled by the incorrect marks. https://prnt.sc/1_4UDftd4S4T",,Request,,U07ACRUL5N1,U07ACRUL5N1,"8/19/26, 1:11 PM",High,0
"Quiz Answer Option 0 Not Displaying on Frontendup","When creating a quiz, adding `0` (zero) as an answer option works correctly in the Quiz Builder/backend, but the `0` option is not displayed on the frontend for students.","F0BS20BLBLY,F0BR3SJ42VB",Accepted,,U07B4GNP7RN,U06C1MJDCFL,"8/19/26, 3:29 PM","Hight Priority",0
"Assignment Description View Imrpovement","Before the update, students could see the assignment instructions/description when they opened an assignment. After the update, they only see:
• the assignment title
• the text editor to submit their answer
• the file upload area
The assignment description/instructions are no longer displayed anywhere on the submission page.
This means students have no way to read the instructions while completing the assignment.",,Accepted,,U07ACRUL5N1,U06C1MJDCFL,"8/20/26, 12:27 PM",High,0
"Content Bank – Invalid Question ID When Adding to Existing Quiz","Questions imported from the Content Database into an existing quiz are added successfully but cannot be saved. When adding a question from the *Content Bank* to an existing quiz, the question appears to be imported successfully. However, when attempt to save the quiz, the following error appears ""Invalid question id found""",F0BRE5WDT0E,Accepted,,U07B4GNP7RN,U06C1MJDCFL,"8/20/26, 12:45 PM","Hight Priority",0
"Certificate Does Not Update After Changing Anything","When there is any changes in certificate in their *completing course and receiving a certificate*, the existing certificate continues to display the old informations and does not update until it is regenerated. For regeneration a student need to retake the course again. Here is video:

https://www.loom.com/share/7e51c4a5d23f4be18c9fa2d00d7cfffd",,Request,,U07B4GNP7RN,U07B4GNP7RN,"8/21/26, 11:30 AM","Hight Priority",0
"Forget Password Redirection","The “forgot password” redirection URL is pointing to the wp-login instead of a Tutor LMS form, which it used to in previous versions: https://prnt.sc/0JRNp8c1krJH",,Done,,U07ACRUL5N1,U018QTESVGC,"7/13/26, 12:08 PM","Hight Priority",0
"Enrollment button is not working in Tutor LMS themes","When user clicks enroll button on Tutor LMS themes, button shows loading state but does not complete the action.

Error:

`[24-Jun-2026 07:30:34 UTC] PHP Fatal error:  Uncaught Error: Call to undefined method TutorLMSKirki\Ajax::is_course_purchasable() in /s2-shrillrhythm/wordpress/wp-content/plugins/tutor/includes/kirki/backend/Ajax.php:81`
`Stack trace:`
`#0 /s2-shrillrhythm/wordpress/wp-includes/class-wp-hook.php(341): TutorLMSKirki\Ajax->tutor_handle_api_calls()`
`#1 /s2-shrillrhythm/wordpress/wp-includes/class-wp-hook.php(365): WP_Hook->apply_filters()`
`#2 /s2-shrillrhythm/wordpress/wp-includes/plugin.php(522): WP_Hook->do_action()`
`#3 /s2-shrillrhythm/wordpress/wp-admin/admin-ajax.php(192): do_action()`
`#4 {main}`
  `thrown in /s2-shrillrhythm/wordpress/wp-content/plugins/tutor/includes/kirki/backend/Ajax.php on line 81`",,Accepted,,U07A949N6VC,U018QTESVGC,"6/26/26, 11:46 AM","Hight Priority",0
"Sequential Course Progression Not Enforced After Failed Quiz","Sequential Course Progression in Content Drip allows access to next lesson even when prerequisite quiz is failed

*Steps to Reproduce:*
1. Create a course with sequential content enabled.
2. Add Lesson 1 followed by Quiz 1 with ""Pass is Required"" enabled.
3. Add Lesson 2 after Quiz 1.
4. Enroll a new student.
5. Complete Lesson 1.
6. Attempt Quiz 1 and score below the passing grade (below 80%).
7. Observe the course progression.
*Expected Result:*
• Lesson 2 should remain locked.
• Student should not be able to access Lesson 2 until Quiz 1 is passed successfully.
*Actual Result:*
• Quiz 1 is recorded as Failed.
• Lesson 2 becomes unlocked and accessible immediately.
• Sequential progression is bypassed despite the failed prerequisite quiz.
*Impact:*
This issue breaks the learning flow for courses that rely on mandatory assessments before progressing to later modules. Students can continue through the course without meeting the required quiz completion criteria.",,Done,,U07B4GNP7RN,U018QTESVGC,"7/13/26, 11:00 AM","Hight Priority",0
"Missing Translation Strings in Tutor LMS 4.0 Student Dashboard","Student Dashboard
• Welcome to yoestomelosaco.com
• You haven't enrolled in a course yet.
• Explore course and start building your skills today.
• Explore Courses (appears in multiple places)
Quick Tips
• Quick Tips
• Make the most of your learning experience
• Use notes to save key ideas as you watch
• Check the calendar for upcoming live sessions
• Discussions are a great place to ask questions
• You can pause and resume courses any time
Profile Settings
• Add Your Social Links
Left Navigation
• Security
• Social Accounts
• Preferences
Input Placeholders
• Enter your phone number
• Enter your skill/occupation
Security
• Account email
Preferences
• Auto-play next lesson
• Motion Effects
• Limit animations and motion effects to reduce visual strain.
• Appearance Theme
• Learning Mode
• Accessibility
• Font Size
• Adjust the text size for better readability.
• High Contrast
• Increase contrast to improve text and element visibility.
• Vision
• Choose a color filter based on your visual needs.
",,Accepted,,U02E6EEM2KW,U018QTESVGC,"7/10/26, 3:43 PM",High,0
"Matching Question Answers Missing Reference Text After Quiz Submission","For *Matching Type* quiz questions, the submitted answers shown after quiz completion do not display the corresponding reference text. As a result, students cannot understand which items their answers refer to, making the displayed results confusing and difficult to use.

The answers not displaying with the associated/reference text. Students can see the selected answers, but they cannot identify what each answer corresponds to.",F0BPS570HKR,Accepted,,U07B4GNP7RN,U06C1MJDCFL,"8/14/26, 1:53 PM","Hight Priority",0
"Manual Enrollment Issue When Course Enrollement is Paused","*Issue:*
When *Course Enrollment* is set to *Paused* from the Course Builder (https://prnt.sc/b3U9NrqVMGOR), manual enrollment by the site admin fails.

*Expected Behavior:*
The enrollment pause option should prevent users from enrolling through the frontend, but it should *not* restrict site administrators from manually enrolling students. This was the behavior in previous Tutor LMS versions.

*Current Behavior:*
With enrollment paused, the admin is also prevented from using the Manual Enrollment feature.",,Done,,U07ACRUL5N1,U018QTESVGC,"7/10/26, 1:56 PM","Hight Priority",0
"Active meeting shows expired when using Modern Learning Mode","Active meeting shows expired when using Modern Learning Mode",F0BGJNUFNDA,Accepted,,U02DTFPBMU6,U018QTESVGC,"7/10/26, 12:18 PM","Hight Priority",0
"Bunny.net video diplay problem in lesson page(need to update)","Publicly posted Bunny.net video is not loading in lesson page, can you please check.

You can test this video: https://iframe.mediadelivery.net/play/327495/1619df4c-3064-48a3-a72d-78d1df3ca9f9r

This problem exists from Tutor 3 so it’s from earlier not problem of Tutor 4.",F0BGESXVBQA,Done,,U029V6VAVSP,U018QTESVGC,"7/10/26, 11:54 AM",High,0
"Hyperlink supports in the instructor feedback/Instructor Note on assignment","The Instructor Feedback field currently supports plain text only and does not include a rich text editor. That's why pasted links are displayed as plain text instead of being rendered as clickable links. Note: HTML links worked on v3.0, and the customer now wants the same experience.",F0BGCNFNR8W,Done,,U02DTFPBMU6,U018QTESVGC,"7/10/26, 11:22 AM",High,0
"Spotlight mode issue in Modern mode","After updating to Tutor LMS 4.0, there is an issue with Modern mode. I have the Spotlight Mode option disabled, which according to the settings should only hide the header and footer when enabled. However, in Modern mode, when opening a lesson, the header and footer of the Kadence theme are hidden.",F0BH1FWGCTS,Accepted,,U0402FWM7P0,U018QTESVGC,"7/9/26, 3:54 PM",Mid,0
"Video lessons do not load in the Modern learning layout in Tutor LMS 4.0.0","In *Tutor LMS 4.0.0*, when the *Learning Area Layout* is set to *Modern*, video lessons do not render in the course learning page. However, if the layout is switched to *Legacy*, the same video lessons load and play correctly.

This indicates an issue specific to the *Modern* learning layout, while the *Legacy* layout functions as expected.",F0BG92Q5XDF,Done,,U07AFKF2R19,U018QTESVGC,"7/9/26, 3:49 PM","Hight Priority",0
"Admin cannot manually enroll students after the course enrollment period expires","In *Tutor LMS 4.0.0*, when a course's *Enrollment Period* has expired, the administrator is no longer able to manually enroll students from the *Enrollments* section. The system prevents manual enrollment even for administrators, whereas in previous version admins were able to manually enroll students even if the course enrollment period had expired.",F0BG69LQQRY,Done,,U07AFKF2R19,U018QTESVGC,"7/9/26, 1:52 PM","Hight Priority",0
"REST API issue","The REST API for lesson creation isn't accepting ""embedded"" video format using source_type and source. It's returning errors.",,Done,,U07B4GNP7RN,U02E6EEM2KW,"7/15/25, 1:11 AM",High,0
"WooCommerce Subscriptions renewal failure and enrollment cancellation issue","While using *Tutor LMS 3.9.14 and later versions(including version 4.0.0)*, there is an issue with *WooCommerce Subscriptions* where it throws the following warning:
```Trying to access array offset on null
wp-content/plugins/woocommerce-subscriptions/vendor/woocommerce/subscriptions-core/includes/admin/class-wcs-wc-admin-manager.php:84```
Due to this error, the subscription renewal process fails. The recurring payment is not renewed successfully, it becomes on hold or pending payment status and the associated course enrollment status changes to *cancelled*.",F0BG3PQLP9C,Accepted,,U07AFKF2R19,U018QTESVGC,"7/9/26, 12:36 PM","Hight Priority",0
"Students Can Generate Certificates for Courses with ""Certificate = None"" in Tutor LMS 4.0.0","In *Tutor LMS 4.0.0*, when a course has *Certificate* set to *None* (i.e., no certificate is assigned), students are still able to generate and access a certificate after completing the course by clicking the *Certificate* button in the left sidebar of the course content page. This should not happen when no certificate is assigned to the course.",F0BG5TECENQ,Accepted,,U07AFKF2R19,U018QTESVGC,"7/9/26, 1:22 AM","Hight Priority",0
"Details button does not show on quiz summary table","When a quiz is completed in *Tutor LMS 4.0.0*, the *Details* button is not displayed in the quiz completion table on mobile devices. However, the *Details* button appears correctly in the desktop view. This issue seems to occur only on mobile devices.",F0BFVR989NX,Done,,U07AFKF2R19,U018QTESVGC,"7/9/26, 1:07 AM","Hight Priority",0
"Course list page filter issue need to be fixed Tutor 4.0","IN course archive page if we add short code to show some singnificant course list.
`[tutor_course category=""18"" orderby=""Date"" order=""desc"" count=""-1""]`

In first page load it work, but if anyone click on any filter option or pagination the shortcode behaviour removed automatically. We received lot’s of user report regarding this issue for last 1 year we have to fix it in Tutor 4.0 at least.",,Accepted,,U029V6VAVSP,U018QTESVGC,"7/1/26, 6:01 PM",,0
"Issue on course builder","Typing decimal values in the course price field is currently not working only whole numbers are accepted, and separators like ""."" or "","" are ignored. Copy-paste works, but manual input fails.",,Done,,U07B4GNP7RN,U02E6EEM2KW,"7/22/25, 8:50 PM",High,0
"Quiz Pagination while set as Numbers, is Not Responsive on Desktop and Mobile","The quiz question pagination displays the question numbers, but the pagination while set as numbers, container is not responsive on both *desktop and mobile devices*.

*Steps to Reproduce:*
1. Create a quiz with a large number of questions, more than 50.
2. Enable the *Pagination* layout as Numbers.
3. Open the quiz on desktop and mobile devices.
4. Check the question number pagination. 
","F0BQCK5HP98,F0BQGAQ3W68",Accepted,,U07AFKF2R19,U06C1MJDCFL,"8/15/26, 2:25 AM","Hight Priority",0
"Enrollment Count Not Updated After Course Enrollment Expiration","The *course enrollment count is not automatically updated when a student's enrollment expires and the student is revoked from the course*.
When an enrollment validity period expires, Tutor LMS correctly revokes the student's access to the course, but the course's displayed/current enrollment number still includes the expired student.",,Request,,U07B4GNP7RN,U07B4GNP7RN,"8/13/26, 11:28 AM",High,0
"LaTeX equations are not rendering consistently in quiz questions, descriptions, and answer options.","• Some LaTeX equations render correctly in the *question*, but the *same equation* does not render correctly in the *answer options*.
• Some equations render correctly in the *answer options*, but fail to render properly in the *question* or *description*.
• The *description* section also shows inconsistent LaTeX rendering for certain equations.
As a result, the same LaTeX syntax produces different outputs depending on whether it is placed in the question, description, or answer options.","F0BJ95B1DT6,F0BJZPEUZC0,F0BJ95C7VKN",Accepted,,U07AFKF2R19,U018QTESVGC,"7/18/26, 2:40 AM","Hight Priority",0
"URGENT: Correct Answers Exposed in True/False Quiz Markup Before Submission","The correct answer for *True/False quiz questions* is exposed in the frontend page markup before the student selects or submits an answer.
On the initial page load, each True/False option contains an inline SVG icon:
• The correct answer contains a *checkmark SVG*.
• The incorrect answer contains a *cross SVG*.
This allows students to determine the correct answer.

For example:
• If the correct answer is *True*, the True option contains the checkmark SVG and False contains the cross SVG.
• If the correct answer is *False*, the icons are reversed.
The correct-answer indicator is therefore being sent to the client before the answer is submitted.","F0BKKQ6P17T,F0BKHSDD99Q",Done,,U07B4GNP7RN,U018QTESVGC,"7/24/26, 12:11 PM","Hight Priority",0
"AI Studio Image and Magic Fill Image Generation issue","OpenAI’s permanent retirement and shutdown of entire DALL-E standalone model family (including DALL-E 2 and DALL-E 3) on May 12, 2026, AI Studio image generation and Magic Fill features are experiencing breaking failures in production. We need to audit our entire codebase to update models and sizes according to OpenAI’s currently supported models.

https://community.openai.com/t/openai-is-making-a-huge-mistake-by-deprecating-dall-e-3/1367228",,Accepted,,U07A949N6VC,U018QTESVGC,"7/18/26, 11:41 PM",High,0
"No clear way to return to the main website on tablet and mobile","On desktop, users have two clear ways to return to the main website:
• The site logo at the top left.
• The “Explore Courses” link at the bottom of the left sidebar.
However, on medium-width screens:
• The left sidebar is hidden.
• The logo is no longer visible.
• The bottom mobile navigation is not shown.
• There is no visible way to return to the main website.
• There is no visible way to navigate within the dashboard.
On the smallest mobile layout, the bottom navigation appears, but there is still no clear “Back to Website” or “Exit Dashboard” option.","F0BJH4AHKS5,F0BHZRF1WTZ,F0BJH4AUHEV",Accepted,,U029V6VAVSP,U018QTESVGC,"7/20/26, 3:31 PM",High,0
"LearnPress to Tutor LMS migration","LearnPress to Tutor LMS migration

The migration reports a failure due to an issue with order data, even though courses, lessons, quizzes, and reviews are migrated successfully. Additionally, integrated quiz settings and options are not correctly migrated, resulting in quiz-related errors after migration.

It was also observed that the automatic migration completes successfully, whereas the manual migration does not start at all.

Attaching the site database backup. Please let us know if you require the site backup for testing.",F0BJC1M8KN1,Accepted,,U07ACRUL5N1,U018QTESVGC,"7/20/26, 3:51 PM",High,0
"Cart and Checkout Pages Display a Maximum of 10 Courses Even When More Courses Are Added","When a user adds more than *10 courses* to the cart in Tutor LMS, the *Cart* and *Checkout* pages display and process only the first *10 courses.*",,Accepted,,U07AFKF2R19,U018QTESVGC,"7/21/26, 2:23 AM","Hight Priority",0
"Courses with Certificate Set to ""None"" Still shows certificate.","When a course has its *Certificate* option set to *""None""*, it should not appear in the user's *Profile → Certificates* section. However, the course is still listed in the Certificates tab despite having no certificate assigned.","F0BJ4RQU19V,F0BJ4RRQ65V",Accepted,,U07AFKF2R19,U018QTESVGC,"7/21/26, 2:31 AM","Hight Priority",0
"Quiz Responsive issue","When images are added to quiz answer choices, they appear heavily cropped, truncated on the frontend.

Before adding image: https://drive.google.com/file/d/1tXwm0gbPNsYsYhzbp7l8sstbdqvRW6p5/view?usp=sharing

after adding image: https://drive.google.com/file/d/11SWvrt4xq_0ngX_mtDenXtQW_9-G1pha/view?usp=sharing).It

https://www.canva.com/design/DAHPqAALqtU/jC4ytL9jnJ33uGZnU6cf8w/edit",,Done,,U07ACRUL5N1,U018QTESVGC,"7/21/26, 11:39 AM",High,0
"Security Vulnerability: Missing Authorization in Tutor LMS Elementor Addons ≤ 4.0.0","Multiple users have reported a security vulnerability affecting *Tutor LMS Elementor Addons v4.0.0 and earlier*. The issue has also been published by Wordfence.

According to the report, the plugin is vulnerable to *Missing Authorization* due to missing capability checks in the following functions:
• `activate_tutor_free()`
• `activate_elementor_free()`
These functions are registered as `admin_action_*` handlers without proper authorization checks, allowing *authenticated users with Subscriber-level access or higher* to activate the Tutor LMS and Elementor plugins without the required permissions.",,Accepted,,U07AFKF2R19,U018QTESVGC,"7/22/26, 1:45 AM","Hight Priority",0
"Teacher Role Cannot Persist Lesson Reordering","The lesson and assignment drag-and-drop reordering functionality does not work correctly for users with the *Teacher* role.
The same functionality works correctly when tested with an *Administrator* account.

When a teacher reorders lessons or assignments using drag and drop, the items appear to move successfully in the editor. However, after the reordering action is completed, the content does not persist in the new order.
The lessons/assignments eventually return to their original positions.
This indicates that the drag-and-drop UI action is being performed, but the updated ordering may not be correctly saved or processed for the Teacher role.

Video Recording
Customer-provided video demonstrating the issue:
https://www.loom.com/share/f7310a4b30d24761bc0242b87eb622b5",,Accepted,,U07B4GNP7RN,U018QTESVGC,"7/22/26, 1:55 PM","Hight Priority",0
"Order confirmation email sent before payment is confirmed","Order confimation email is sent immediately after clicking “Pay Now” button on the checkout page.

It should be sent after the payment completely set as successful.",F0BJYFGJLKG,Rejected,,U029V6VAVSP,U018QTESVGC,"7/22/26, 4:23 PM",High,0
"Any new License cannot be activated","Any new License cannot be activated while Tutor LMS pro is in latest 4.0.1 and 4.0.2 version.

It works in 3.9.15 version.",F0BJX6TATA7,Done,,U07AFKF2R19,U018QTESVGC,"7/22/26, 10:23 PM","Hight Priority",0
"Course Bundle Manual Enrollment UI Issue","Error message shows that the maximum enrollment is reached: https://snipboard.io/horfOp.jpg. Although the maximum student number is set to zero",,Accepted,,U07ACRUL5N1,U018QTESVGC,"7/23/26, 4:23 PM",High,0
"In Legacy Mode: Quiz Submission Fails with ""Invalid ID"" Error","In Tutor LMS 4.0.2 version , When using *Legacy Mode*, quizzes cannot be submitted successfully. After attempting to submit a quiz, the system displays an *""Invalid ID""* error instead of processing the submission.

But there is no issue in modern mode.",F0BKETPRGTU,Done,,U07AFKF2R19,U018QTESVGC,"7/24/26, 2:17 AM","Hight Priority",0
"Dashboard Course Statistics Are Incorrect for Course Bundle Enrollments","When a student enrolls in a *Course Bundle*, the course statistics displayed on the *Student Dashboard → Courses* section are incorrect and do not accurately reflect the individual courses within the bundle.

• Immediately after enrollment, the dashboard displays *1 Enrolled Course* and *1 Active Course*, treating the entire Course Bundle as a single course instead of counting the individual courses within the bundle.
• After the student starts two courses, the dashboard updates to show *2 Enrolled Courses* and *2 Active Courses*.
• However, after completing one of those courses, the *Completed Courses* count does not increase, and the completed course is not reflected in the dashboard statistics.
","F0BKD1KV51C,F0BKF15HB98,F0BKF16C1S6,F0BJZKX2K63",Rejected,,U07AFKF2R19,U018QTESVGC,"7/24/26, 2:32 AM","Hight Priority",0
"Tutor LMS course bundle addon Improvement","Editing a bundle does not re-enroll existing buyers
When a course inside a bundle is replaced with a different one, students who already purchased the bundle are NOT enrolled in the new course. Their dashboard shows the new course (read from the bundle-course-ids meta) but clicking it returns ""no access"".
This affected ~150 students on our site and required manual re-enrollment via WP-CLI using tutor_utils()->do_enroll() plus a status change to 'completed' (do_enroll leaves the enrollment as 'pending', which does not grant access — that was another surprise).
Suggested improvement: when a bundle's course list changes, offer to sync enrollments for existing owners, or at least warn the admin that existing buyers will lose access to the removed course and won't gain access to the new one.
FILTER HOOK OBSERVATION
While building a temporary workaround we found what looks like a bug in CourseModel::get_enrolled_courses_by_user() (tutor/models/CourseModel.php, around line 1357):
```$course_args = array(
    'post_type'      => $course_post_type,
    'post_status'    => $post_status,
    'post__in'       => $course_ids,
    'offset'         => $offset,
    'posts_per_page' => $posts_per_page,
    'orderby'        => 'post__in',
);
$args        = apply_filters( 'tutor_get_enrolled_courses_by_user', $args, $user_id, $course_post_type );
$course_args = wp_parse_args( $args, $course_args );```
The filter receives $args — the 5th function parameter, which is an empty array by default — not $course_args, which is the array actually holding post__in with the enrolled IDs. Developers hooking this filter cannot inspect the enrolled course IDs; they have to re-query them with tutor_utils()->get_enrolled_courses_ids_by_user().
Passing $course_args to the filter (or at least including the resolved $course_ids as an extra argument) would make this hook genuinely usable.
CURRENT WORKAROUND
We're filtering tutor_get_enrolled_courses_by_user, tutor_get_active_courses_by_user and tutor_get_completed_courses_by_user to exclude any course ID found in the bundle-course-ids meta of bundles the user owns. It fixes the duplication, but we'd rather rely on native behavior.",,Accepted,,U07ACRUL5N1,U018QTESVGC,"7/24/26, 3:42 PM",Mid,0
"Error - message return on Tutor RestApi","Endpoint: GET `/wp-json/tutor/v1/students/{id}/courses`

If anyone tries to request this endpoint with the student id who is not enrolled in any course yet.  Then it return's an error message.
```{
""code"":""tutor_read_student"",
""message"":""Courses retrieved failed"",
""data"":{
""status"":500,
""details"":""count(): Argument #1 ($value) must be of type Countable|array, false given""
}
} ```
Instead this should be return a meaning full message like: *This student is not enrolled in any course yet.*",,Request,,U029V6VAVSP,U029V6VAVSP,"8/12/26, 12:25 PM",Mid,0
"Course Bundle Addon issue UI","Bundled courses appear twice in the student dashboard
When a student owns a Course Bundle, every course inside that bundle is listed twice at /dashboard/courses/:
1. As a standalone course card
2. Again nested inside the bundle card
Steps to reproduce:
1. Create a bundle containing 4 courses
2. Enroll a student in the bundle (individual enrollments are created for each course)
3. Log in as that student, go to /dashboard/courses/
4. Each bundled course appears twice
Expected: courses belonging to an owned bundle should appear only inside the bundle card. Standalone cards should be reserved for courses bought individually.",,Rejected,,U07ACRUL5N1,U018QTESVGC,"7/24/26, 3:45 PM",High,0
"Tutor LMS Dashboard Account UI Issue","When a user on mobile goes to *Settings -> Account or Social Accounts* and starts typing in any field, the page immediately closes and redirects back to the main Settings screen.
Note: This issue only happens on mobile phones; it works perfectly fine on desktop.",F0BKMCQJNG1,Accepted,,U07ACRUL5N1,U018QTESVGC,"7/24/26, 4:19 PM","Hight Priority",0
"Mobile Profile Editor Redirects to Settings in Chrome for Android","The Tutor LMS frontend mobile profile editor unexpectedly closes and redirects the user back to the *Dashboard → Settings* page when the user interacts with editable profile fields in *Chrome for Android*.
The issue is reproducible across multiple profile fields and appears to affect both personal information and social profile sections.

Steps to Reproduce
1. Log in as a student or instructor.
2. Navigate to:
*Dashboard → Settings → Edit Profile*
3. Tap any editable field, such as:
Name
Last Name
Phone Number
Occupation
Biography
Facebook
X/Twitter
LinkedIn
GitHub
Website
4. Start typing or tap inside the field multiple times.
5. Observe the behavior.

The profile editor unexpectedly closes and redirects the user back to the *Settings* page without the user pressing the back button or manually navigating away.
The issue may occur after one or two taps or while typing.

*Works well in DESKTOP*",,Accepted,,U07B4GNP7RN,U018QTESVGC,"7/27/26, 3:24 PM","Hight Priority",0
"Course completion status after failing a quiz UI","*Steps to Reproduce:*
• Complete each lesson by clicking the *Completed* button.
• Start the quiz and answer the questions.
• Fail the quiz by answering questions incorrectly.
*Actual Behavior:*
The course is incorrectly showing as *100% completed*, even though the student did not pass the quiz.

*Expected Behavior:*
The course should not show 100% in UI until the required quiz has been successfully passed.",,Accepted,,U07ACRUL5N1,U07ACRUL5N1,"7/28/26, 3:42 PM",High,0
"Translation Strings Missing","https://prnt.sc/H0SCINrRlQa4
https://prnt.sc/6HAt6VGmHgDJ
https://prnt.sc/FGR_lXEVgJMP",,Accepted,,U07ACRUL5N1,U018QTESVGC,"7/29/26, 1:27 PM",Mid,0
"Quiz attempt timestamp inconsistency between Dashboard and Admin Quiz Attempts","The same quiz attempt displays different timestamps on the frontend and backend. The *Student Dashboard → Quiz Attempts* page displays the *quiz start time*, while the *Admin Panel → Tutor LMS → Quiz Attempts* page displays the *quiz end/submission time*. Since both pages refer to the same quiz attempt without indicating which timestamp is being shown, this creates confusion.

*Steps to Reproduce:*
1. Log in as a student.
2. Start a quiz and spend a few minutes completing it.
3. Submit the quiz.
4. Navigate to *Dashboard → Quiz Attempts* (from the admin's profile) and note the displayed date and time for the quiz attempt.
5. Log in as an administrator and navigate to *WordPress Admin panel → Tutor LMS → Quiz Attempts*.
6. Locate the same quiz attempt and compare the displayed timestamp.
","F0BMJ95MVK2,F0BLHMFCVGT",Request,,U07AFKF2R19,U07AFKF2R19,"7/30/26, 12:41 AM","Hight Priority",0
"Course Bundle enrollment Show Incorrect Counts on Reports section","When a student is enrolled in a Course Bundle that contains two courses, the reports displayed on the Tutor LMS->reports->students->click on details button on student name and on details page it shows incorrect data.

Coruse enrolled: 2,
Course completed: 3,
Course in progress: -1",F0BLYL7DBB8,Request,,U07AFKF2R19,U07AFKF2R19,"7/31/26, 2:53 AM","Hight Priority",0
"Tutor LMS Learning Interface Renders Lesson & Quiz Pages in Quirks Mode (Missing DOCTYPE)","Lesson and Quiz pages rendered through the Tutor LMS Learning Interface are being served *without a `<!DOCTYPE html>` declaration*, causing browsers to render these pages in *Quirks Mode (`BackCompat`)* instead of *Standards Mode (`CSS1Compat`)*.
This behavior may lead to layout inconsistencies, scrolling issues, and incorrect CSS height calculations in different sites.",,Request,,U07B4GNP7RN,U07B4GNP7RN,"8/3/26, 12:47 PM",High,0
"WPML Warning on Courses page (Learners Dashboard)","Steps to reproduce : Attached",F0BMHLQ3FQW,Request,,U07ACRUL5N1,U07ACRUL5N1,"8/3/26, 1:59 PM",Mid,0
"Course Prerequisite Missing After Section Removal","When attempting to modify a course structure by removing a prerequisite from a specific section, the prerequisite course unexpectedly disappears from the list entirely rather than displaying properly.

Video: https://www.loom.com/share/2a3b10a46f9e47d096093f679005f808",,Accepted,,U07A949N6VC,U06C1MJDCFL,"8/5/26, 4:57 PM",Mid,0
"Plain '{site_url}' text showing in Login OTP email template header.","2FA login OTP email template does not process the {site_url} place holder please load it correctly.

This should be image permalink but it does not resolve from the function thus the placeholder loading in plain text format.

Reference File: `wp-content/plugins/tutor-pro/addons/auth/templates/email/login-otp.php`
Function call from: `wp-content/plugins/tutor-pro/addons/auth/classes/Utils.php` 

```public static function sent_login_otp($email, $otp)
    {
        $email_tpl = tutor_auth()->templates . 'email/login-otp.php';
        // translators: %s is the site name.
        $subject = sprintf(__('%s - Login OTP', 'tutor-pro'), get_bloginfo('name'));
        $site_url   = get_bloginfo('url');

        $data = array(
            '{login_otp}'            => $otp,
            '{testing_email_notice}' => '',
            '{footer_text}'          => tutor_pro_email_global_footer(),
            '{additional_footer}'    => __('This is an automatically generated email. Please do not reply to this email.', 'tutor-pro'),
        );

        $message = Mailer::prepare_template($email_tpl, $data);
        return Mailer::send_mail($email, $subject, $message);
    } ```",,Done,,U029V6VAVSP,U029V6VAVSP,"8/6/26, 4:36 PM",High,0
"Vimeo Captions/Subtitles Not Displaying in Tutor Player","Vimeo video captions/subtitles are not displaying in the Tutor Player after updating to *Tutor LMS 4.0.4*.
The same Vimeo video works correctly with captions in *Tutor LMS 3.9.13*, but captions do not appear in *Tutor LMS 4.0.4*, indicating a likely regression in the latest version.",,Request,,U07B4GNP7RN,U07B4GNP7RN,"8/11/26, 11:47 AM","Hight Priority",0
"2FA + Limit Active Device — Authentication Flow Conflict Causes Login Failure","There is a login issue when *Tutor 2FA* and *Limit Active Device* are enabled together.
When the active device/session limit is enabled, the *2FA login does not work properly*.

How the issue happens
1. The student logs in with their username and password.
2. Tutor LMS sends the OTP by email.
3. The student enters the OTP.
4. The login appears to be successful for a moment.
5. The system then checks the active-device limit.
6. If the limit has already been reached, the new device is not registered.
7. The student is then logged out again.
8. The student may see a *""Nonce verification failed""* message and gets stuck in a login loop.
9. Trying again may also send multiple OTP emails.
When Limit Active Device is enabled, it interferes with the Tutor 2FA login flow and prevents the user from logging in correctly.",,Request,,U07AFKF2R19,U07AFKF2R19,"8/12/26, 1:52 AM","Hight Priority",0
"Native Manual Payment Issue","In Tutor LMS v3.9.4, adding any link inside the Native Manual Payment description breaks the checkout.
 It removes all payment options and shows “No payment method selected” on checkout.",,Done,,U07AFNXBB98,U018QTESVGC,"1/6/26, 11:24 AM",,0
"Manual Payment not working for subscription purchases.","When setting the payment method manually, subscription courses cannot be purchased because no payment method is displayed on the checkout page.  With single courses its working fine.","F0A6UCB36SJ,F0A79B9CX09,F0A6Q296BU3",Rejected,,UP0RS7KFC,U018QTESVGC,"1/5/26, 11:48 PM",Mid,0
"Incomplete PayPal Orders Showing $0 on Retry mode payment","When a user attempts to pay with PayPal but doesn’t complete the payment, TutorLMS creates an “Unpaid / Incomplete” order. If the user then tries to retry payment, the checkout page reloads with Subtotal $0.00 and Grand Total $0.00, making it impossible to complete the purchase.
This happens consistently on multiple test attempts and live attempts. The cart loses the course item on retry.

User site to debug
https://staging.speakegyptianarabic.com/wp-admin
Username: tutorlms-support
Password: Toot0r$ml56",,"Tutor Add-ons and Theme",,U029V6VAVSP,U018QTESVGC,"1/12/26, 12:22 PM","Hight Priority",0
"Google Classroom publish issue","After importing a course from Google Classroom, when clicking the *Publish* button, an error occurs with an alert message ""something went wrong"" . The students are already present in Google Classroom, but the publish action fails and does not complete as expected.",F09CBNRL542,Done,,U07AFKF2R19,U018QTESVGC,"8/28/25, 2:07 AM","Hight Priority",0
"Unable to import existing lesson’s from private course in content bank.","Presently in content bank we can not import any existing lesson’s from the private course. Please add this ability also in content bank.",,Done,,U029V6VAVSP,U018QTESVGC,"8/11/25, 12:49 PM",,0
"Several problem with WPML translation in Tutor LMS lesson’s.","Translated content only working properly from English but not for other language.

Username:laura-tutor
Email:admin@symplexis.eu
Password:ZH1^sdIvBm3tWYsuVHjojh6G",,Done,,U029V6VAVSP,U018QTESVGC,"8/12/25, 1:21 PM",,0
"Native guest checkout","The native guest checkout filled with first name and last name are not registered properly. Leading to the profile pages first and last name field shown empty for the users as well as the backed users list https://prnt.sc/XhdCNlonjRiZ",,Done,,U07ACRUL5N1,U018QTESVGC,"8/13/25, 4:08 PM",,0
"Order status Email","Despite the order status email for the instructor being turned off, the instructor still receives those emails: https://prnt.sc/Lq82rVqbDA9B, https://prnt.sc/NuHgiEpZZbRf.",,Rejected,,U07ACRUL5N1,U018QTESVGC,"8/18/25, 4:23 PM",,0
"Tutor Video Player for Youtube needs improvement","When entering a lesson and switching the video to full screen, pressing the *TAB* key repeatedly eventually shifts the focus to an element that reveals the video’s *YouTube URL*.
This allows users to directly access the video resource, bypassing the intended protection layer added by Tutor LMS. As a result, content becomes exposed, since any student can extract the YouTube link and view it outside the platform. The issue does not occurs with Vimeo videos.

https://drive.google.com/file/d/1BR2yVNNdqQ4Ec-5gCrsi78VyVQGl5FmL/view?usp=sharing",,Feature,,U07ACRUL5N1,U018QTESVGC,"8/18/25, 5:31 PM",,0
"Woocommerce Subscription","Tutor LMS does not revoke course enrollment automatically when a WooCommerce subscription expires; enrollment remains active even after cancellation or expiry.",,Done,,U07B4GNP7RN,U018QTESVGC,"8/18/25, 7:02 PM",,0
"Woocommerce Subscription addon","When a subscription-type order is successfully checked out via WooCommerce, *two enrollment records* are created in Tutor LMS:
• One with *“Approved”* status
• Another with *“Pending”* status
This results in duplicate entries in the *Enrollments* area, which not only creates confusion for admins but also leads to unnecessary data being stored in the database.
Screenshot: https://prnt.sc/e5zcg9sW2aZ0",,Request,,U07ACRUL5N1,U07ACRUL5N1,"8/20/25, 12:54 PM",,0
"RTL language issue","RTL(Hebrew Language) layout breaks the course list box after recent update works fine in English (LTR) but Hebrew (RTL) causes broken layout. Need urgent fix for RTL styling compatibility.",,Done,,U07B4GNP7RN,U018QTESVGC,"8/22/25, 12:47 AM",,0
"Regarding Elementor Addon","“Coming Soon” courses don’t appear on Elementor Addon course list pages, though visible on default Tutor LMS pages.",,"Tutor Add-ons and Theme",,U07B4GNP7RN,U018QTESVGC,"8/26/25, 12:37 AM",,0
"Tutor video player for Vimeo issue on mobile devices","• On the mobile version of the Chrome browser, I click on play, but it plays without sound. Then, if I click to cancel the sound and put the sound back on, the sound plays.
• https://www.loom.com/share/043e90cbf6a64a8a95ee72b4a5538443?sid=f46f297f-0879-45a4-ae1a-6a0d8802b5e1",,Done,,U07ACRUL5N1,U018QTESVGC,"8/26/25, 12:51 PM","Hight Priority",0
"New Student Signup Email addon improvement","*Problem:* Tutor LMS emails include a *profile button/link*, but when public profiles are disabled, the button is still shown. Clicking it does not work or redirect to a valid profile.
*Concern:* The user questions why the button is included at all if it won’t function.
*Additional Point:* The user suggests that Admins and Instructors should still be able to access student profiles (via backend) even if public profiles are set to private.

• https://prnt.sc/r-674yGfr8UT",,Done,,U07ACRUL5N1,U018QTESVGC,"8/26/25, 1:28 PM",,0
"Regarding Apostrophe","Apostrophe in tutor_option certificate fields (tutor_cert_authorised_name, tutor_cert_authorised_company_name) adds extra slashes on each save, causing DB bloat and potential site crashes.",,Done,,U07B4GNP7RN,U018QTESVGC,"8/26/25, 9:56 PM",,0
"Shortcode overrides page template.","When the student-registration-form shortcode is used in a new page the form shortcode overrides the whole template and the change does not takes place.",,Request,,UP0RS7KFC,UP0RS7KFC,"8/29/25, 2:52 AM",,0
"Error’s in Stripe payment","One user getting an error while payment via Stripe please check and fix that.",F099CFS918B,Done,,U029V6VAVSP,U018QTESVGC,"8/8/25, 1:26 PM",,0
"About Course Bundle with woocommerce","The auto-created WooCommerce product for Course Bundles isn’t set as Virtual, causing shipping options at checkout. Single courses work correctly.",,Done,,U07B4GNP7RN,U018QTESVGC,"8/30/25, 12:08 AM",,0
"LaTeX equations are not displaying correctly on quiz details table","The quiz details table does not display LaTeX equations correctly in the *Correct Answer* column.",F09DWBE8N4Q,Done,,U07AFKF2R19,U018QTESVGC,"9/2/25, 3:45 PM",,0
"Regarding Subscription Renew","When WooCommerce subscriptions renew, Tutor LMS triggers the *Course Enrolled email* again. Users want this should only trigger on the initial enrollment.",,Done,,U07B4GNP7RN,U018QTESVGC,"9/3/25, 10:34 AM",,0
"Course Completion Email","If an assignment is added under a course and the *“Auto Complete Course on All Lesson Completion”* option is enabled, then the *course completion email* that should be sent to the student is instead being sent to the instructor, and the instructor’s name is incorrectly displayed as the student’s name.",,Done,,U07AFKF2R19,U018QTESVGC,"9/4/25, 4:47 PM","Hight Priority",0
"WPML redirection issue with Tutor LMS pro","When switching to Bangla(secondary language) from the homepage, the URL updates correctly to: `tutor.local/bn/`.
However, when switching back to English (default language), instead of returning to the homepage (`tutor.local`), the site redirects incorrectly to: `tutor.local/dashboard/`.",,Done,,U07AFKF2R19,U018QTESVGC,"9/8/25, 10:36 AM",,0
"Tutor LMS changes custom URL structure of users site","https://www.loom.com/share/3b0100fc088a4d15a1f76fec405a0090?sid=904ba847-7392-4f1d-a32c-40c34f6d9d54

```Currently, after every TutorLMS update we need to verify that permalinks haven't been changed to avoid an SEO disaster on our site.

We tested this on our site, and our preferred permalink structure (/category%/%postname%/) does not cause 404 issues.

We kindly ask for a fix to this problem, or alternatively, for an option that lets us decide whether permalink format should be modified automatically.```",,Accepted,,U07ACRUL5N1,U018QTESVGC,"9/9/25, 1:00 PM",,0
"Regarding Mark As Complete Button","The following issue is appearing while users set video completion timeframe.",F09F9AB0SM6,Done,,U07B4GNP7RN,U018QTESVGC,"9/10/25, 2:04 PM",,0
"Gradebook addon issue","We are using the *Gradebook* with *""Enable GPA Scale Limit""* enabled and a GPA scale limit of 10. In the *Grade Settings*, we have 10 Grade Badges (1–10), each mapped to a Grade Range percentage and corresponding Grade Points (e.g., Grade Name ""1"" = 0–10% = 1 point, Grade Name ""10"" = 91–99% = 10 points).
• *Bug #1:* If the Grade Range for Badge ""10"" is set to *91–100%*, then after a student completes at least one quiz, all other quizzes are automatically marked as completed with a Grade Point of 10. When the student later takes those quizzes, the grades update correctly, but the premature auto-completion is incorrect. https://prnt.sc/f4R6orVUkhLm, https://prnt.sc/1wHIZIZfnlxu
• *Bug #2:* To avoid Bug #1, we set the Grade Range for Badge ""10"" to *91–99%*. However, in this case, if a student scores *100%* on a quiz, the result is not synced with the Gradebook. For example, even if a student completes 6/6 quizzes with perfect scores, the Gradebook still shows *Quiz Complete: 0/6*. https://prnt.sc/0i7VVyuEh0am, https://prnt.sc/A5tARHp-dK3q",,Done,,U07ACRUL5N1,U018QTESVGC,"9/11/25, 12:23 PM","Hight Priority",0
"Quiz import issue","While importing a quiz, the “Attempts Allowed” value is correctly fetched from the CSV file on settings. However, it still displays as 1 on the frontend, even though the CSV file and the quiz settings specify more than one attempt.

As a result, students are only able to attempt the quiz once, regardless of the actual number of attempts.",,Done,,U07AFKF2R19,U018QTESVGC,"9/11/25, 1:45 PM",,0
"Tutor LMS dashboard time retrival translation issue","The function used here to retrieve the time is not aware of the site language and does not translate according to the site language: https://prnt.sc/425vmyGNho5B",,Rejected,,U07ACRUL5N1,U018QTESVGC,"9/11/25, 5:22 PM",,0
"Comment displaying issue.","There is an issue with the display order of comments under lessons. Instead of showing the oldest comments at the top and then listing the newer ones sequentially, the comments are not appearing in the correct order.",F09F76QQVF0,Rejected,,U07AFKF2R19,U018QTESVGC,"9/15/25, 11:59 AM",,0
"Email template issue","In Tutor LMS v3.8.0 the email templates are missing their CSS, so emails are rendering without style. It way perfect in Tutor LMS 3.7.4 version.",F09ESM16G4X,Done,,U07AFKF2R19,U018QTESVGC,"9/15/25, 12:40 PM",,0
"The Tutor LMS video player displays correctly on laptops, but on mobile devices, the fullscreen view is not responsive. When the phone is rotated to landscape, YouTube-hosted videos are poorly framed, cutting off (a little bit of) the top and bottom of the video.","*New lesson published* email is not sent.",,Rejected,,U07AFKF2R19,U07AFNXBB98,"9/15/25, 5:14 PM",,0
"Support for Zoom business account","if I have a zoom pro account with multiple sub accounts. how can I allow them to configure their own zoom accounts by their own? for example i have 3 teachers and i gave them 3 memebers account from my business account. how can they configure their own zoom account on the frontend",,Feature,,U029V6VAVSP,U018QTESVGC,"8/8/25, 3:18 PM",,0
"Console error is making some problem in course builder.","Some error appear in console while course builder open and course details page that making problem in some user end. Please resolve the erro.",F099X0WR665,Done,,U029V6VAVSP,U018QTESVGC,"8/8/25, 12:44 PM",,0
"Regarding Quiz Image Answering","Image-answering questions in quizzes show results as “pending” even after submission. Issue confirmed on latest Tutor LMS and Pro versions.",,Rejected,,U07B4GNP7RN,U018QTESVGC,"9/22/25, 1:52 PM",,0
"Manual email fatal error","*Fatal error*: Uncaught Error: Failed opening required '/Users/maizul/Local Sites/learndash/app/public/wp-content/plugins/tutor-pro/addons/tutor-email/views/email_styles.php' (include_path='.:/usr/share/php:/www/wp-content/pear') in /Users/maizul/Local Sites/learndash/app/public/wp-content/plugins/tutor-pro/templates/email/mailer.php:41 Stack trace: #0 /Users/maizul/Local Sites/learndash/app/public/wp-content/plugins/tutor-pro/addons/tutor-email/classes/Init.php(102): include() #1 /Users/maizul/Local Sites/learndash/app/public/wp-includes/class-wp-hook.php(324): TUTOR_EMAIL\Init->load_email_preview('') #2 /Users/maizul/Local Sites/learndash/app/public/wp-includes/class-wp-hook.php(348): WP_Hook->apply_filters(NULL, Array) #3 /Users/maizul/Local Sites/learndash/app/public/wp-includes/plugin.php(517): WP_Hook->do_action(Array) #4 /Users/maizul/Local Sites/learndash/app/public/wp-includes/template-loader.php(13): do_action('template_redire...') #5 /Users/maizul/Local Sites/learndash/app/public/wp-blog-header.php(19): require_once('/Users/maizul/L...') #6 /Users/maizul/Local Sites/learndash/app/public/index.php(17): require('/Users/maizul/L...') #7 {main} thrown in */Users/maizul/Local Sites/learndash/app/public/wp-content/plugins/tutor-pro/templates/email/mailer.php* on line *41*",,Done,,U07ACRUL5N1,U018QTESVGC,"8/8/25, 5:58 PM",,0
"Bug on PMPro","TutorStarter version 3.0.4 contains outdated copies of some WooCommerce v10.1.2 template files.",,"Tutor Add-ons and Theme",,U07B4GNP7RN,U018QTESVGC,"7/15/25, 1:10 AM",,0
"Announcement Email Formatting Issue","We have identified and reproduced an issue where announcement emails sent to students lose all paragraph formatting. Although instructors enter announcements using plain text with proper line breaks, and the content displays correctly on the course page, those line breaks are stripped during the email generation process. As a result, the email content appears as a single continuous block of text. This issue is not related to email clients, themes, or third-party plugins. The announcement content is stored correctly in the database, but the {announcement_content} placeholder does not preserve or convert line breaks to HTML at the final email rendering stage.",F0ABSPAJJP6,Done,,U07B4GNP7RN,U018QTESVGC,"1/29/26, 1:25 PM",High,0
"Manual enrollment revenue calculation error","When a student is manually enrolled in a course with a sale price set, the revenue is counted against the regular price instead of the sale price, causing a miscalculation for the instructor's earnings. https://prnt.sc/p_GbffraocLV.",,Done,,U07ACRUL5N1,U018QTESVGC,"1/27/26, 4:00 PM",Mid,0
"Subscription Renewal Emails Trigger “Expired/Cancellation” Incorrectly","During subscription renewal, the system momentarily marks the subscription as expired, which triggers the *“Subscription Expired” / “Cancellation” email*. Immediately after, the subscription status updates to active/renewed, sending the *“Subscription Renewed” email*. This results in users receiving two emails for a single renewal, which is confusing and negatively impacts UX.

Only the *“Subscription Renewed” email* should be sent after a successful renewal; expired/cancellation emails should not trigger during a valid renewal.",,Done,,U07B4GNP7RN,U018QTESVGC,"1/12/26, 4:03 PM",High,0
"About Auto Completion","Auto-complete feature fails for single-lesson courses even with Lesson auto-complete on video end enabled. Multi-lesson courses work fine.",,Accepted,,U07B4GNP7RN,U018QTESVGC,"8/22/25, 1:33 PM",,0
"Marketplace Course Sorting Issue","Currently, when an existing course is edited and updated, it moves to the top of the marketplace listing, overriding the intended order of newly published courses. The expected behavior is that only *newly published courses* appear at the top, while edited courses retain their original position.",,Done,,U07B4GNP7RN,U018QTESVGC,"1/12/26, 4:01 PM",High,0
"RTL Email Alignment Issue","In case of RTL languages, the email content is not properly right-aligned, it still appears left-aligned instead.",,Done,,U07AFKF2R19,U018QTESVGC,"11/8/25, 2:04 AM",Mid,0
"Outdated WooCommerce Template Files","TutorStarter version 3.0.4 contains outdated copies of some WooCommerce v10.1.2 template files.",,Done,,U07AFNXBB98,U018QTESVGC,"9/18/25, 1:07 AM",,0
"When Allow Instructors to Publish Courses is disabled","After the instructor submits the course for review to publish, the link for the course disappears: https://prnt.sc/cmaDy1ZTsw-b. Steps are recorded here : https://streamable.com/t14fw6",,Done,,U07ACRUL5N1,U018QTESVGC,"8/14/25, 4:11 PM",,0
"H5P Issue","Images in H5P content fail to load on iPhone 14 Plus, while working fine on desktop and Android devices.",,Done,,U07B4GNP7RN,U018QTESVGC,"7/26/25, 12:51 AM","Hight Priority",0
"Stripe Gateway Installation Fails with “Payment gateway download failed” Error","Users are unable to install the Stripe payment gateway from Tutor LMS Monetization settings. The installation fails with a “Payment gateway download failed” error.
https://prnt.sc/_ovY8Prgxf1t",,Done,,U018QTESVGC,U018QTESVGC,"4/24/26, 4:07 PM","Hight Priority",0
"Calender Issue","Calendar displays meeting on the previous day (e.g., shows 13th instead of 14th) despite correct countdown timer.",F095LBBBNAX,Done,,U07B4GNP7RN,U018QTESVGC,"7/15/25, 1:18 AM",,0
"Latex Issue","Latex ( \ ) is removed from lesson editor on each save. https://prnt.sc/0C1tJ9EuPxnl",,Done,,U07ACRUL5N1,U018QTESVGC,"7/16/25, 1:17 PM",,0
"Quiz timer issue","I started this quiz at 11:39 am. After that, I began working on other tabs, but even after 10 minutes had passed on the clock, only 3 minutes were counted on the quiz timer. https://prnt.sc/NinDgfjWaCus",,Done,,U07ACRUL5N1,U018QTESVGC,"8/6/25, 11:50 AM",,0
"Quiz Question batch processing.","Presently we can send single request for single quiz which is very time consuming we need bulk quiz create flexibility in API.",,Feature,,U029V6VAVSP,U018QTESVGC,"8/8/25, 12:05 PM",,0
"Elementor Addon","Course List widget image in Tutor LMS Elementor Addon breaks layout when column is set to 1.",F095BCCE8PR,"Tutor Add-ons and Theme",,U07B4GNP7RN,U018QTESVGC,"7/15/25, 1:46 AM",,0
"Assignment Datetime error","Assignment datetime error when site language is not English. https://prnt.sc/3FAnZMWFJdUH",,Done,,U07ACRUL5N1,U018QTESVGC,"7/16/25, 1:20 PM",,0
"Calendar Addon issue","If I have an event, such as a Zoom meeting, scheduled for September, it appears correctly when viewing the calendar in the July view. However, when I switch the calendar to September, the event scheduled for that month does not appear in the calendar view. screenshots: https://snipboard.io/aZ8cBz.jpg https://snipboard.io/b0ZwG8.jpg",,Done,,U07ACRUL5N1,U018QTESVGC,"7/16/25, 1:21 PM",,0
"Course builder UI issue","Lesson rearrangement lag when there are too many lessons. https://share.zight.com/Kou5A6WN",,Done,,U07ACRUL5N1,U018QTESVGC,"7/16/25, 1:22 PM",,0
"WooCommerce Subscription addon issue","When a user purchases a course bundle via WooCommerce subscription, they are correctly enrolled in the bundled courses. However, upon cancellation of the subscription, the user's enrollment is not canceled, and they continue to have access to the courses they have enrolled in via the course bundle.",F096BRA97J9,Done,,U07ACRUL5N1,U018QTESVGC,"7/18/25, 12:25 PM",,0
"Stripe Gateway Installation Fails with “Payment gateway download failed” Error","Users are unable to install the Stripe payment gateway from Tutor LMS Monetization settings. The installation fails with a “Payment gateway download failed” error.
https://prnt.sc/_ovY8Prgxf1t",,Done,,U07B4GNP7RN,U018QTESVGC,"4/16/26, 11:37 PM","Hight Priority",0
"Fatal Error After registration","Fatal Error issue did not solved yet, if the Email addons is not active but Email verification is turned one from the settings.",,Done,,U029V6VAVSP,U018QTESVGC,"7/23/25, 3:42 PM",,0
"Re-bill issue","Tutor LMS sends a ""New Student Enrolled"" email notification on subscription rebills, treating rebill events as new enrollments. This is causing confusion for instructors.",,Rejected,,U07B4GNP7RN,U018QTESVGC,"8/1/25, 1:37 AM",,0
"Public course feature issue","1. When a course has a price set and enabling the ""Public Course"" option, users cannot access the course from the course details page anymore. 
    ◦ If they are *not* logged in, they are taken to a sign in page
    ◦ If they are logged in, they are taken to a course access not available page.
• https://prnt.sc/hsr-30T6cfVQ",,Done,,U07ACRUL5N1,U018QTESVGC,"8/1/25, 12:16 PM",,0
"Assignment Vulnerability","We have received a confirmed vulnerability report from *Wordfence* regarding a *SQL Injection vulnerability* in *Tutor LMS Pro* plugin. The vulnerability affects the `get_submitted_assignments()` function and was responsibly disclosed to them by a researcher named _sergioframi_.

*Affected Versions*:
• Initially discovered in *v3.6.1*
• Still present in *v3.7.0*
*Vulnerable File & Function*:
• File: `tutor-pro/addons/tutor-assignments/classes/Assignments_List.php`
• Function: `get_submitted_assignments()`
• Line: *419*
*Proof of Concept Payload*:
```       GET /dashboard/assignments/submitted/?assignment=005&order=asc(select*from(select(sleep(20)))a)&current_page=1```
A 20-second delay can be observed, confirming the vulnerability to *time-based blind SQL Injection*.

Wordfence strongly advises using *`$wpdb->prepare()`* for *all dynamic SQL queries* that include user input. Wordfence may notify customers and the public following their coordinated disclosure policy. They request confirmation of receipt *within 14 days* to avoid accelerated disclosure.

Please prioritize this immediately to reduce exposure risk. Let me know if you need anything else from the report.",,Done,,U07A949N6VC,U018QTESVGC,"8/4/25, 1:33 PM",,0
"Woocommerce purchase history","I ordered multiple courses in one checkout. Although the courses are listed in one order correctly (https://prnt.sc/qAFnLKDk38-U), the generated invoice CSV shows only one course name. (https://prnt.sc/lLW_NiD-yO8G)",,Done,,U07ACRUL5N1,U018QTESVGC,"8/5/25, 1:24 PM",,0
"Enrollment Expiration not working","I have set the course expiration to 30 days. Then I enrolled in a course as a student. From the enrollment section, I have reduced the enrollment of the student to expire tomorrow https://prnt.sc/N84sRvkB0QNU. After a day passed, the enrollment shows expired, but the enrollment did not cancel since the course expiration is set to 30 days. However, if I set the course expiration to 1 day, the enrollment of the student will also get canceled.",,Done,,U07ACRUL5N1,U018QTESVGC,"8/6/25, 10:31 AM",,0
"Issue with certificate builder access without authentication","The certificate builder page in Tutor LMS is publicly accessible via URL parameters without authentication, posing a potential security vulnerability.

To check use the URL : https://pathwise.tutorlms.io/?action=tutor_certificate_builder&post=75741&cert_hash=131b0bac3d3ecf43&course_id=4465&orientation=landscape&format=jpg",,Done,,U07AFKF2R19,U018QTESVGC,"8/8/25, 2:14 AM",,0
"Regarding Payment Method","After latest update, PayPal in *Live Mode* doesn’t appear as payment method. Shows “Payment method not found.” Sandbox works fine.",,Rejected,,U07B4GNP7RN,U018QTESVGC,"9/22/25, 12:17 PM",,0
"Regarding Course List","Scheduled (coming soon) courses are not appearing in course lists when using Tutor LMS shortcodes or Elementor widgets. Only published courses display.",,Accepted,,U07B4GNP7RN,U018QTESVGC,"9/23/25, 10:33 AM",,0
"Course duplication issue.","The first problem concerns course duplication. We used this option when creating a larger and a smaller course. After creating a larger course called Ayurvedic Dietetics, we duplicated it and removed the dietary modules, creating a new course called Foundations of Ayurveda, which was shorter and cheaper. This approach saves us the work of creating courses from scratch. However, a problem has occurred.
Students enrolled in Foundations of Ayurveda “see” prerequisite requirements from the Ayurvedic Dietetics course, even though these prerequisites are not visible anywhere in the course creation panel. When they try to take a quiz, they see a prerequisite referring to another course, despite the fact that it is not indicated anywhere. It seems that something was duplicated somewhere, but we are unable to remove it.
The second issue concerns the inability to fast-forward videos. Our courses have different formats—sometimes they are asynchronous courses, and sometimes enrollment is manual and we upload recordings from live classes. When students want to return to these recordings, they cannot fast-forward the videos if strict course completion is enabled. On the other hand, if we set flexible completion, students in asynchronous courses can complete the course whenever they want, which is not desirable.",,Accepted,,U029V6VAVSP,U018QTESVGC,"1/5/26, 5:13 PM",High,0
"Character Encoding Issue in Course Gifting with Chinese Characters","During the process of gifting a course, if the *Recipient Name* or *Message* is entered using Chinese characters, the gift card displayed on the recipient’s side shows the content as raw Unicode strings (e.g., `\u91d1\u80d6...`) instead of the actual Chinese characters.

On the email body of that gift course notification, it also shows that unicode strings.",F09U78G02MU,Done,,U07AFKF2R19,U018QTESVGC,"11/20/25, 10:38 PM",Mid,0
"Custom trial price for memebership issue with Stripe payment","When the trial price is set to any value greater than zero, the Stripe checkout fails to process it and shows an error.
https://prnt.sc/96YwKO8XkEjA, https://prnt.sc/CaHcW_u5UuZV",,Done,,U07ACRUL5N1,U018QTESVGC,"11/1/25, 6:02 PM",High,0
"LearnDash to Tutor LMS Migration Not Working!","In latest version of *Tutor LMS Migration Tool*, *“Migrate Now”* button is not clickable. The migration process cannot be initiated. Rolling back to previous version of Migration Tool restores normal functionality, confirming that issue is specific to the latest update.",,"Tutor Add-ons and Theme",,U07A949N6VC,U018QTESVGC,"11/4/25, 5:17 PM",High,0
"Wrong Months shown in price in the course page.","The issue arises when using the tutor lms native subscription in monetization. Setting a course price for multiple months does not show the correct months in the course page price. For example in the attached image if you see the price is shown as 300/month which should be 4months. It provides incorrect information for the user. While checking out the correct month is shown. However, Due to the nature of this it confuses users regarding the actualy monthly price for the course and users do not purchase the course any more due to this mistake.","F09RM0DE2MN,F09QL8XMR99",Rejected,,UP0RS7KFC,U018QTESVGC,"11/5/25, 1:55 AM",High,0
"Instructor list showing pending users due to wrong meta key join","The query that fetches instructors for `[tutor_instructor_list]` was incorrectly joining the user meta table, the instructor list was showing users with pending value of *_tutor_instructor_status* meta_key,  because the query was getting the approval status from another wrong meta key.

As a result, if any meta key has the value 'approved' but *_tutor_instructor_status* is still 'pending', the instructor’s name is still shown.",,Done,,U07AFKF2R19,U018QTESVGC,"11/11/25, 1:40 AM",High,0
"Certificate Behavior When “None” Is Selected for Courses","When the Certificate Template is set to “None” for certain courses, the certificate button still appears for students but in a disabled state. Additionally, assigning a different certificate to one course automatically applies the default certificate template to other courses that were previously set to “None,” resulting in inconsistent and incorrect behavior.

*Steps to Reproduce:*

1. Go to the Course Builder in Tutor LMS.
2. For Course A and Course B, set the Certificate Template option to “None.”
3. As a student, enroll in both Course A and Course B and complete all lessons and quizzes.
4. After completing both courses, go to the Student Dashboard → Enrolled Courses.
5. Observe that a “Download Certificate” button appears under both completed courses, but the button is disabled, even though certificates are not assigned.
6. *Now, return to the admin panel and assign a different certificate to Course A only.*
7. *Check Course B again, it now automatically uses the default certificate template, even though it was set to “None.”*",,Done,,U07ACRUL5N1,U018QTESVGC,"11/12/25, 4:32 PM",Mid,0
"Tutor LMS Video Player Issue on Mobile Devices","The Tutor LMS video player displays correctly on laptops, but on mobile devices, the fullscreen view is not responsive. When the phone is rotated to landscape, YouTube-hosted videos are poorly framed, cutting off (a little bit of) the top and bottom of the video.",,Done,,U07AFNXBB98,U018QTESVGC,"11/14/25, 11:32 AM",,0
"Facebook and Linked In Certificate Share leads to Site URL share not Certificate URL","When trying to share a certificate in the social media the users can share their certificate directly to twitter as twitter takes the url directly so for twitter it works.

But for FB and Linked in when sharing the certificate it shares the Website URL not the certificate one. As a result when sharing the certificate in FB or Linked in the website url is shared not the certificate.

This does not meet the expected behaviour of this feature. Please check",,Rejected,,UP0RS7KFC,U018QTESVGC,"11/15/25, 1:23 AM",Mid,0
"Course completion email issue on strict mode","When *Strict Mode* and *Auto Complete Course on All Lesson Completion* are enabled. If a course contains both a lesson and an assignment, the email sent to the instructor includes *incorrect data,* it displays the *instructor’s name and email* instead of the *student’s*.",F09T1SAG3EE,Done,,U07AFKF2R19,U018QTESVGC,"11/15/25, 1:57 AM","Hight Priority",0
"Course completion email issue( for student )","when *Strict Mode* and *Auto Completion on all lesson completion* are enabled, the *“Download Certificate” button* does *not appear* in the *Course Completion email*.

But in flexible mode it displays that button.",F09SVN88A11,Done,,U07AFKF2R19,U018QTESVGC,"11/15/25, 2:34 AM","Hight Priority",0
"Google Capthca not working as expected.","Some user reported that, they are using google captcha which is comming with Tutor LMS. Instead of being active Google captcha they are getting spam registration can you please review that.",,Done,,U029V6VAVSP,U018QTESVGC,"11/17/25, 2:38 PM",Mid,0
"In specific course subscription purchase page show’s all create membership/subscription base option(WooCommerce base settings)","If I have  single membership with one category the courses under that category should be visible only one membership option as we have created.

But how much we have seperate the membership all kind of membership plan showing commonly for all course.

WooCommerce base settings.",,Request,,U029V6VAVSP,U029V6VAVSP,"11/17/25, 3:42 PM","Hight Priority",0
"Tutor LMS Datepicker Styles Conflict with WooCommerce Coupon Date Picker UI","There’s a UI issue in the WooCommerce Coupons date picker where Tutor LMS date picker icons appear in the calendar widget indicating a stylesheet conflict coming from Tutor LMS affecting the WooCommerce date picker UI.
https://prnt.sc/oO3PlWaFEgJO",,Done,,U07ACRUL5N1,U018QTESVGC,"11/19/25, 11:57 AM",Low,0
"The problem is in Tutor LMS Elementor Addons plugin.",,"F09UZC0MVU0,F09U31LGC06","Tutor Add-ons and Theme",,U029V6VAVSP,U018QTESVGC,"11/20/25, 11:51 AM",High,0
"Lesson Description Not Updating After Editing with Elementor","If you add some text inside a lesson’s description box, it updates correctly when you edit it normally.
 However, *once the lesson is opened and edited with Elementor even a single time*, any future edits made directly from the description box (without Elementor) no longer update on the frontend.

Video reference for describing the issue: https://drive.google.com/file/d/1OYadlNFgu1fJ_bmO3HVFe6nEDHIp5KNv/view?usp=sharing",,"Tutor Add-ons and Theme",,U07AFKF2R19,U018QTESVGC,"11/21/25, 2:12 AM",High,0
"(Tutor v3.9.1) Assignment uploads do not show in the backend","When students upload more than one document for an assignment, only one of the documents is shown in the backend. The number of allowable uploads is set to 5 in the assignment settings in the course.

https://prnt.sc/0y5ysXT5Ij2F https://prnt.sc/17qldn1ujIKo",,Done,,U07AFNXBB98,U018QTESVGC,"10/29/25, 8:30 PM",,0
"External URL Video Type Timer Issue","The video timer for an external URL video type lesson is not correctly rendered on the course details or learning experience page but is showing correctly on the course builder:

Video type: External URL

https://prnt.sc/iV2NAxo4Vu_f
https://prnt.sc/63s4xvN2kNsM",,Rejected,,U07ACRUL5N1,U018QTESVGC,"12/1/25, 4:40 PM",Low,0
"Course Filter issue","When the Category option is disabled in Tutor LMS Pro → Settings → Design, but all the other filters are enabled, none of the other filters work on the Course Archive page.  https://snipboard.io/DKJB87.jpg",,Done,,U07AFNXBB98,U018QTESVGC,"12/2/25, 1:57 PM",,0
"Tutor Elementor addons meta value does not show for course carousel or course grid","Tutor LMS Elementor Addons plugin, but when using elements like loop carousel or loop grid, some elements like author, duration, and others are visible in the backend but not on the front page. I’ve attached an image to better understand the problem. https://share.cleanshot.com/jp6xYN3G",,"Tutor Add-ons and Theme",,U029V6VAVSP,U018QTESVGC,"12/4/25, 4:54 PM","Hight Priority",0
"Regarding remvoing co-instructor","There is an issue where course authors (non-admin instructors) are unable to remove co-instructors from their own courses, even when the setting *“instructors can add or remove co-instructors for their courses”* is turned on. Please review this behavior, as it seems to be a limitation or bug and needs verification for future improvement.",,Done,,U07B4GNP7RN,U018QTESVGC,"12/13/25, 12:04 PM",High,0
"(Ceuta and Melilla) This cities are not listed in checkout page dropdown list.","*Ceuta and Melilla,* which belong to Spain, do not appear in the drop-down list of cities; User cannot enter a customer’s information correctly.

Check screenshot
https://drive.google.com/file/d/181-SqLJa493VdZ8lRb0A341wSMKG7kC3/view",,Done,,U029V6VAVSP,U018QTESVGC,"12/15/25, 6:01 PM","Hight Priority",0
"Gift course message does not support special characters","When a course is gifted and a message with special character is written for the receiver the users not receive correct message on their end upon opening the gift pop-up.

Original message: Настя
Screenshot: https://prnt.sc/DnKzAnMNPBKP",,Done,,U07ACRUL5N1,U018QTESVGC,"12/22/25, 12:51 PM",Mid,0
"Gift Course issues","• Issue: 
    ◦ GiftScheduler.php: comments by sender does not support German ""Umlaute"" or Emojis ... receiver sees garbage characters instead
    ◦ front.js: Date Formatting causes critical ""RangeError"" in Safari Browser, with dates like ""2025-12-1"" - this prohibits completion of Gift-Course Dialog (Button not working)
    ◦ EventHandler.php: DateTime formatting bug, causes problems with tutor_gift_sent_at and tutor_gift_received_at display
    ◦ GiftMailer.php: Email Subject Formatting - {buyer_name} never gets resolved
    ◦ GiftMailer: ""Send notification email to the receiver"" send-status is not properly updated in database order_itemmeta and related status attributes
Gift Course Patch Summary :

1. UTF‑8 characters in gift notes (GiftScheduler.php)
• *Symptom*: German umlauts and emoji entered by the purchaser arrive as mojibake for the recipient.
• *Root Cause*: `GiftScheduler::schedule()` uses `QueryHelper::insert()`; the helper sanitizes JSON with `Input::sanitize_array()`, which strips UTF‑8 escape sequences.
• *Patch*: Bypass `QueryHelper` and insert via `$wpdb->insert(...)` so the payload JSON is stored untouched.
• *Ask*: Adopt direct `$wpdb` insert (or a UTF‑8 safe helper) so gift messages retain multibyte characters.
2. Safari RangeError in gift dialog (front.js)
• *Symptom*: Safari throws `RangeError: Invalid time value` for dates like `2025-12-1`; the “Proceed to checkout” button never fires.
• *Root Cause*: `new Date(""YYYY-M-D HH:mm"")` is parsed differently across browsers; Safari rejects single‑digit days.
• *Patch*: Parse date/time manually (`new Date(year, month-1, day, hour, minute)`) before calling `.toISOString()`.
• *Ask*: Replace the string-based constructor with the explicit numeric constructor so Safari users can purchase gifts.
3. Double date formatting in admin (EventHandler.php)
• *Symptom*: `tutor_gift_sent_at` / `tutor_gift_received_at` show “current time” instead of the stored timestamp.
• *Root Cause*: `DateTimeHelper::get_gmt_to_user_timezone_date()` already returns a localized string, but the result is passed again into `tutor_i18n_get_formated_date()`. The second pass runs `strtotime()` on German strings like “1. Dezember…”, which fails and falls back to “now”.
• *Patch*: Use only `DateTimeHelper::get_gmt_to_user_timezone_date()` for display (remove the second formatter).
• *Ask*: Avoid re-formatting localized strings; render the helper’s return value directly.
4. Gift email subject uses nickname (GiftMailer.php)
• *Symptom*: Placeholder `{buyer_name}` resolves to the purchaser’s nickname, not first+last name.
• *Patch*: In `GiftMailer::get_receiver_email_content()`, build `$full_name` from `first_name`/`last_name` (fallback to `display_name`), then replace `{buyer_name}` accordingly.
• *Ask*: Ensure receiver emails always use the real first/last name combination.
5. Generated accounts need first/last name split (GiftEnrollment.php)
• *Symptom*: When the recipient has no account, the auto-created WP user ends up with the entire “Recipient name” field stored as `first_name`.
• *Patch*: Split the form input on whitespace, store the first token as `first_name`, remainder as `last_name`, update `display_name`.
• *Ask*: Apply similar logic when creating guest accounts so WooCommerce mails and certificates show proper names.
6. Gift send status not persisted (GiftMailer.php & GiftScheduler.php)
• *Symptom*: WooCommerce order items remain stuck in `tutor_gift_status=processing`, `tutor_gift_sent_at` stays empty when the cron-based resend executes.
• *Root Causes*:
    a. `GiftMailer::send_notification_email_to_receiver()` didn’t update `GiftCourse::GIFT_STATUS_META` / `GIFT_SENT_AT_META`.
    b. `GiftScheduler::process_scheduled()` instantiated `GiftMailer` without the ecommerce “proceeder”, so the mailer couldn’t call `update_item_meta()` for WooCommerce orders.
• *Patch*:
    ◦ Update status and timestamps inside `send_notification_email_to_receiver()`.
    ◦ Pass the proceeder returned by `GiftCourse::get_gift_proceeder()` into the cron-triggered mailer.
• *Ask*: Ensure both checkout-time and cron-time gift deliveries share the same proceeder so order item meta stays in sync.
These changes keep tutor_gift course purchases functional for German customers and ensure our audit trail (sent timestamps) remains accurate.",,Done,,U07ACRUL5N1,U018QTESVGC,"12/22/25, 1:10 PM",Mid,0
"Auto-Renewal Status Display Backend – Clarification & Improvement Request","The auto-renewal status shown on the user’s subscription page is currently working as expected and correctly reflects the actual auto-renewal state for that specific user. From the frontend, users clearly see whether auto-renewal is active or disabled (example: https://prnt.sc/NXSsf4YHstyJ
).
However, in the admin view, the “recurring” information being displayed refers only to the subscription plan configuration, not the user-level auto-renewal status. This creates confusion, as admins may interpret it as the user’s current auto-renewal state.
While this is technically correct behavior, the admin UX is misleading. We recommend reviewing this and potentially adding a clear, user-specific auto-renewal indicator in the admin panel to avoid misinterpretation.",,Done,,U07ACRUL5N1,U018QTESVGC,"12/22/25, 5:17 PM",Low,0
"Email Update template issue","Issue with this email: it contains the text _“To confirm this change, verify your new email address by clicking the link below:”_ but there is *no button or clickable link*, only a plain-text URL. As a result, users must manually copy and paste the link to confirm their new email address.

Screenshot: https://prnt.sc/IZCpOW8B0hEK",,Done,,U07ACRUL5N1,U018QTESVGC,"12/30/25, 1:36 PM",Mid,0
"Subscription Issue","When trying to pay for a subscription order in a pending state, the pay button redirects to an empty checkout page, blocking the payment for the subscription plan: https://prnt.sc/6JP6PolFEV5G, https://prnt.sc/xCw63QSSZ8YI. In this state, the user needs to cancel the plan and resubscribe.",,Done,,U07ACRUL5N1,U018QTESVGC,"12/30/25, 3:55 PM",High,0
"Google Classroom Import Error","Google Classroom Import Error: https://drive.google.com/file/d/1_tXTenOxRP1VduO6k4KagDMdthnAUlZC/view",,Done,,U07ACRUL5N1,U018QTESVGC,"1/2/26, 11:49 AM","Hight Priority",0
"(Tutor v3.9.6) Assignment uploads do not show in the backend","When students upload more than one document for an assignment, only one of the documents is shown in the backend. The number of allowable uploads is set to 5 in the assignment settings in the course.",,Done,,U07AFNXBB98,U018QTESVGC,"1/5/26, 1:42 PM",High,0
,,,Rejected,,U07AFNXBB98,U02E6EEM2KW,"2/10/26, 11:37 AM",High,0
"Paid Course Export with WooCommerce: Price Data Not Included","When exporting a paid course that uses WooCommerce, the exported file does not include the associated WooCommerce product. As a result, when importing the course on another site, it is saved as a free course and the price information does not appear.",F09PF861F5H,Rejected,,U07AFKF2R19,U018QTESVGC,"10/30/25, 2:04 PM",High,0
"Google meet error for Latest version of Tutor LMS","Looks like after updating to the latest TutorLMS Pro, my Google Meet integration encountered a glitch.
Error Details
An error of type E_COMPILE_ERROR was caused in line 423 of the file /www/merakidatasciencetraining_479/public/wp-content/plugins/tutor-pro/vendor/guzzlehttp/psr7/src/Uri.php. Error message: Declaration of GuzzleHttp\Psr7\Uri::getScheme() must be compatible with Psr\Http\Message\UriInterface::getScheme(): string",,Done,,U029V6VAVSP,U018QTESVGC,"10/29/25, 9:56 AM",High,0
"Incorrect review submission message","After submitting a course review, the toast says it’s visible on the course page, but it’s only visible to the user until admin approval. Toast messaging should reflect actual visibility/moderation status.",,Done,,U02E6EEM2KW,U018QTESVGC,"9/23/25, 3:19 PM",,0
"Assignment Description Not Displayed","Students cannot see the assignment description after clicking “Start Assignment,” which interrupts their workflow.",,Done,3.9.0,U07AFNXBB98,U03HP897GKX,"10/15/25, 9:00 PM",,0
"Subcription/Membership/All type of course showing add to cart button.","If the purchase option set to All https://prnt.sc/TA3nq2G5aWmc
if I have a course which can be sold in Subcription model, single course model, and membership model all type of Purchase option then the button in the course details page showing *Add to cart* button. Where as the button should show *View Details*

That mean’s the system treating that course as single/one time payment course by default. We need to add some condition on the button.

https://prnt.sc/Lar3z4D9H3ce
https://prnt.sc/dWW_wyzYia2r",,Done,,U029V6VAVSP,U018QTESVGC,"9/24/25, 5:37 PM",,0
"Tutor LMS Elementor Addon issue","The course enrollment box does not show up on the desktop mode despite everything setup correctly: https://prnt.sc/rlHNjpzJCRfb but a default enrollment box shows when the container is in tablet/mobile size: https://prnt.sc/rgJOHh7UQVFp.",,"Tutor Add-ons and Theme",,U07ACRUL5N1,U018QTESVGC,"9/26/25, 1:33 PM",,0
"Woocommerce Email preview Fatal error","In Tutor LMS 3.8.2 version, under woocommerce->settings->emails page on any email preview section it shows a fatal error.",F09J0QXRTDJ,Done,,U07AFKF2R19,U018QTESVGC,"9/30/25, 4:02 PM",,0
"Frontend dashboard - Scheduled course Action button does not open anything.","https://prnt.sc/yQK-csbseDGy

No HTML code found
https://prnt.sc/U89IrxYgzNcu",,Done,,U029V6VAVSP,U018QTESVGC,"10/2/25, 11:59 AM",,0
"RTL language layout issue","While using an RTL language, the dropdown menu in the *""Intro Video"" type selection* section of the course builder page appears incorrectly.",F09JRB3AWEP,Done,,U07AFKF2R19,U018QTESVGC,"10/6/25, 4:41 PM",,0
"The icon and color are displaying incorrectly after updating the settings.",https://prnt.sc/EcpI-z20B9Hv,,Done,3.9.0,U02E6EEM2KW,U03HP897GKX,"10/7/25, 3:10 PM",,0
"iDeal payment option unavailable in Tutor Stripe payment","iDeal is Netherland based payment system, we have to add the iDeal payment option inside Tutor Stripe.
https://docs.stripe.com/payments/ideal",,Feature,,U029V6VAVSP,U018QTESVGC,"10/7/25, 4:00 PM",,0
"Sepa Direct Debit option unavailable for Tutor Stripe payment.","Presently Tutor Stripe does not have sepa direct debit payment option which is very popular in Europe many user requested us to add this feature.
https://docs.stripe.com/billing/subscriptions/sepa-debit",,Feature,,U029V6VAVSP,U018QTESVGC,"10/7/25, 4:02 PM",,0
"Tutor LMS Video Player Issue on Mobile Devices","Please check the URL structure this the URL from the vimeo, but it’s  should work.
https://ibb.co.com/BHV4sbC6",,Accepted,,U029V6VAVSP,U018QTESVGC,"10/8/25, 5:30 PM",,0
"Private course not showing on completed course section","The private course is not appearing under the *“Completed Courses”* tab on the *Enrolled Courses* page of the dashboard.",F09LDRXLU0Y,Done,,U07AFKF2R19,U018QTESVGC,"10/9/25, 1:04 PM",,0
"Review and rating timestamp issue","Reviews and ratings for any course are showing *“6 hours ago”* on the frontend, even though they are being submitted at the current time.",F09KKJZ49M0,Done,,U07AFKF2R19,U018QTESVGC,"10/9/25, 1:09 PM",,0
"About tutor quiz explanation","In Tutor LMS quiz explanation, pasted YouTube links auto-convert to preview in editor but display only as plain links in student view. Expected: consistent video preview rendering.","F09KHEPU6UD,F09LF6UGBGQ",Accepted,,U07B4GNP7RN,U018QTESVGC,"10/9/25, 5:05 PM",,0
"Requesting an urgent solution of the issue Assignment Description and Attachments remove After Starting","On the *assignment page*, after clicking the *“Start Assignment”* button, the *assignment description and any attached files provided by instructor are no longer visible*.

Users need the *description and attachments to remain visible* even after starting the assignment, so they can reference the content while completing it.",,Done,,U07AFKF2R19,U06C1MJDCFL,"10/15/25, 12:33 PM",,0
"PHP Error on sites who do never used Woocommerce as their monetization","```WordPress database error Table 'local.wp_wc_orders_meta' doesn't exist for query 
			SELECT COUNT(te.earning_id) as total_count
			FROM wp_tutor_earnings te
			 INNER JOIN wp_wc_orders_meta wcom ON te.order_id = wcom.order_id 
			WHERE te.process_by = 'tutor' AND wcom.meta_key = '_is_tutor_order_for_course'
		 made by do_action_ref_array('process_by_wc_migrator'), WP_Hook->do_action, WP_Hook->apply_filters, Tutor\Migrations\BatchProcessor->process_batch, Tutor\Migrations\ProcessByWcMigrator->get_total_items, Tutor\Helpers\QueryHelper::get_joined_count
[16-Oct-2025 07:00:04 UTC] PHP Fatal error:  Uncaught Exception: Table 'local.wp_wc_orders_meta' doesn't exist in /Users/maizul/Local Sites/wc-test/app/public/wp-content/plugins/tutor/helpers/QueryHelper.php:1120```",,Done,,U07ACRUL5N1,U018QTESVGC,"10/16/25, 1:02 PM","Hight Priority",0
"Course Bundle Escaping Issue","Please check this video: https://share.cleanshot.com/1KQ3rSs4",,Done,,U02E6EEM2KW,U018QTESVGC,"10/28/25, 1:07 PM","Hight Priority",0
"Quiz attempt filter count is incorrect","Quiz attempt filter count is incorrect , it’s not matching the actual number of attempts.",F09LQ3YDLHH,Done,,U07AFNXBB98,U018QTESVGC,"10/16/25, 7:23 PM",,0
"Regarding auto complete lessons and seding Email","Lesson completion emails triggers only when the *Complete Lesson* button is pressed. If a lesson is auto-marked complete by video progression or using Next Lesson, progress is updated visually but no email notifications or integrations are fired.",,Accepted,,U07B4GNP7RN,U018QTESVGC,"10/17/25, 12:10 PM",,0
"Incorrect Individual Review Counter on Course Details Page","The *individual rating counter* on the course details page is displaying incorrect values. It currently counts *unpublished reviews*, which causes a mismatch between the *total review count* and the *individual rating breakdown*.
Screenshot: https://prnt.sc/XELn-K7wXsRW",,Done,,U07ACRUL5N1,U018QTESVGC,"10/20/25, 11:40 AM",,0
"Assignment search issue","Assignment search only works for the course name and not any other fields like the assignment name or student name - https://prnt.sc/yqzGnL8xIIIS
• Searching with the assignment name is not working: https://prnt.sc/eg1GD89gNPJj  
• Searching with the course name is working: https://prnt.sc/o0IhCGZ94lpP",,Done,,U07ACRUL5N1,U018QTESVGC,"10/20/25, 12:12 PM",,0
"Course Completes Despite Failed Assignments in Strict Mode","In strict mode, if ""Auto Complete Course on All Lesson Completion"" option is enabled, then the course is being marked as complete once the assignment is evaluated, regardless of whether the student has passed or failed.",,Done,,U07AFKF2R19,U018QTESVGC,"10/20/25, 4:26 PM","Hight Priority",0
"About WooCommerce Auto Enrol","When a student purchases a course, cancels the order, and later repurchases the same course, Tutor LMS does not re-enroll the student even after the new WooCommerce order is marked as *Completed*. The system references the previous canceled enrollment, preventing access. This causes students to remain unenrolled despite successful payment, requiring manual removal and re-enrollment to restore access.

Video record: https://www.loom.com/share/494647490629446991233522f12aae9a?sid=32be1270-703d-4d32-9162-95fb93a85b12",,Done,,U07B4GNP7RN,U018QTESVGC,"10/21/25, 11:50 AM","Hight Priority",0
"Date format issue","When the date format is set to *d/m/Y* from *WP-dashboard settings->general->date format section*, some dates in the *Tutor LMS->Reports* section are displayed incorrectly in the *m/d/Y* format. Other date formats, however, appear to work correctly.",F09MRBDB128,Done,,U07AFKF2R19,U018QTESVGC,"10/21/25, 12:08 PM",,0
"Conflict Between “Limit Active Login Sessions” and WooCommerce Guest Checkout","When *Limit Active Login Sessions* is enabled https://prnt.sc/UiA4vVpIC_-H, it conflicts with WooCommerce monetization if *guest checkout* is active. In this case, the *Auto Redirect to Courses* feature does not work, and users are redirected to the WooCommerce login page instead of the purchased course (https://prnt.sc/-0FWNJSB9J-p). Users completing a guest checkout should be automatically redirected to their course even when this feature is active, as the current behavior negatively impacts the user experience.",,Done,,U07ACRUL5N1,U018QTESVGC,"10/21/25, 3:35 PM","Hight Priority",0
"Attempt not found or access permission denied - Quiz details page","After the latest Update to 3.9.0 PRO
When I attempt to review a quiz, even as an administrator, I get a blank screen stating
“Attempt not found or access permission denied”
It is te same for all attempts",,Done,,U029V6VAVSP,U029V6VAVSP,"10/23/25, 10:17 AM",,0
"BunnyNet video template error after updating to latest Tutor LMS version","After updating Tutor LMS today, course intro videos hosted on BunnyNet stopped working.
The following error appears on the course page: “The file you are trying to load does not exist in your theme or Tutor LMS plugin location. If you are extending the Tutor LMS plugin, please create a php file here:
`/var/www/html/wp-content/themes/tutorstarter/tutor/single/video/bunnynet.php`
What I’ve checked:
```The Tutor LMS plugin folder doesn't contain a tutor/single/video/ folder structure```",,Done,,U029V6VAVSP,U029V6VAVSP,"10/23/25, 10:26 AM",,0
"Outdated Twitter label and logo","Outdated Twitter label and logo in Social Profile settings (should be ""X""). https://prnt.sc/YzWq2G1hJoPn",,Done,,U07AFNXBB98,U018QTESVGC,"10/23/25, 7:57 PM",,0
"Bug in Tutor LMS v3.9.1","When manually enrolling a student (WooCommerce Paid courses) in Tutor LMS version 3.9.1, the enrollment section displays raw HTML code instead of properly formatted content.

https://www.loom.com/share/bcfd6844b0164149865b73d0eae222b7?sid=a7f0f85a-a47a-4944-80e9-4c802b79648a",,Done,,U07AFNXBB98,U018QTESVGC,"10/24/25, 6:52 PM","Hight Priority",0
"Tutor lms Pro monetization issue when using Woocommerce with Workademy","*When using WooCommerce as a monetization method in Tutor LMS Pro with the Workademy theme, the price is not shown for the courses, and they cannot be added to the cart. Purchase does not take place.  With the tutor LMS native, it's working fine.* ",F09NGAKTT7H,Rejected,,UP0RS7KFC,U018QTESVGC,"10/27/25, 9:26 PM",,0
"Instructor earnings ammount is not correct","As per course purchase vat and commission calculation the instructor earnings are not dividing properly please DM me for video explanation.",,Rejected,,U029V6VAVSP,U02E6EEM2KW,"8/5/25, 12:59 PM",High,0
